0,0,0,0,0,0,0,0,0,0,0,0,0,0,0,0,0,0,0,0,0,0,0,0,0,0,0,0,0,4,0,8,40,0,0,0,6,51,51,51,51,62,5,19,89,0,0,0,0,0,0,0,0,5,65,28,41,0,0,0,6,51,31,0,12,51,67,28,58,49,0,0,6,51,51,51,51,51,51,55,25,0,0,0,0,0,0,0,0,0,0,0,0,0,0,0,8,67,67,67,67,67,67,67,67,67,67,8,8,68,68,68,68,68,68,68,68,68,68,8,0,0,0,0,0,0,0,0,0,0,0,0,0,0,0,0,0,0,0,0,0,0,0,0
0,0,0,0,0,0,0,0,0,0,0,0,0,0,0,0,0,0,0,0,0,0,0,0,8,67,67,67,67,67,67,67,67,67,67,8,8,68,68,68,68,68,68,68,68,68,68,8,0,0,0,0,0,0,0,0,0,0,0,0,0,0,27,54,51,51,51,51,51,51,51,6,0,0,36,15,11,51,66,16,10,51,51,6,0,0,36,15,0,0,63,29,41,0,37,6,0,0,9,4,0,0,6,18,91,0,0,0,0,51,51,51,51,51,49,7,42,0,0,0,6,51,51,51,51,51,51,51,51,51,51,6,0,0,0,0,0,0,0,0,0,0,0,0
0,0,0,0,0,0,0,0,0,0,0,0,7,66,66,66,66,66,66,66,66,66,66,7,8,69,69,69,69,69,69,69,69,69,69,8,0,0,0,0,0,0,0,0,0,0,0,0,0,0,0,3,0,0,0,0,0,0,0,0,10,39,12,48,52,51,51,51,51,51,51,6,12,43,51,5,21,66,63,14,0,0,0,0,9,33,51,0,14,18,54,19,0,0,0,0,0,47,64,12,0,0,26,9,0,0,0,0,0,0,0,0,0,0,0,0,0,0,0,0,7,66,66,66,66,66,66,66,66,66,66,7,1,12,12,12,12,12,12,12,12,12,12,1
0,0,0,0,0,0,0,0,0,0,0,0,6,52,52,52,52,52,52,52,52,52,52,6,8,67,67,67,67,67,67,67,67,67,67,8,8,68,68,68,68,68,68,68,68,68,68,8,0,0,0,0,0,0,10,51,51,51,51,6,6,51,51,51,51,51,51,51,51,51,51,6,0,0,0,0,13,52,68,13,0,59,52,6,0,0,0,0,0,0,67,18,0,51,0,0,0,0,0,0,0,0,6,1,0,30,0,0,0,0,0,0,0,0,0,27,51,51,51,6,0,0,0,0,0,0,0,0,0,0,0,0,0,0,0,0,0,0,0,0,0,0,0,0
1,12,12,12,12,12,12,12,12,12,12,1,8,68,68,68,68,68,68,68,68,68,68,8,6,39,0,0,0,0,0,0,0,0,0,0,0,0,0,0,7,27,0,0,0,0,0,0,0,0,0,0,15,58,0,0,28,51,51,6,0,0,0,36,11,65,51,14,0,0,0,0,0,0,0,81,51,51,51,51,38,0,0,0,0,0,0,31,0,0,0,0,0,0,0,0,6,51,51,51,51,51,51,51,51,51,51,6,8,67,67,67,67,67,67,67,67,67,67,8,8,68,68,68,68,68,68,68,68,68,68,8,0,0,0,0,0,0,0,0,0,0,0,0
0,0,0,0,0,0,0,0,0,0,0,0,6,51,51,51,51,51,51,54,60,51,49,0,6,51,63,26,0,0,0,13,38,0,0,0,0,0,50,35,0,0,5,15,38,13,50,11,0,0,5,3,0,0,60,38,38,51,53,12,0,0,0,0,11,51,66,22,10,51,14,3,6,51,51,51,51,51,51,51,51,47,0,0,0,0,0,0,0,0,0,0,0,0,0,0,8,67,67,67,67,67,67,67,67,67,67,8,8,68,68,68,68,68,68,68,68,68,68,8,0,0,0,0,0,0,0,0,0,0,0,0,0,0,0,0,0,0,0,0,0,0,0,0
0,0,0,0,0,0,0,6,5,0,0,0,6,51,51,51,51,9,0,51,54,51,51,6,6,51,56,16,51,51,24,13,29,1,0,0,0,0,45,51,51,51,51,51,51,51,18,0,0,0,0,0,0,0,0,0,0,0,0,0,8,67,67,67,67,67,67,67,67,67,67,8,8,68,68,68,68,68,68,68,68,68,68,8,0,0,0,0,0,0,0,0,0,0,0,0,0,0,0,0,0,0,0,0,0,0,0,0,6,51,51,51,51,51,51,69,0,0,0,0,0,0,0,0,0,0,0,73,0,0,0,0,0,0,0,0,0,0,0,8,0,0,0,0
0,0,0,0,0,0,0,0,0,0,0,0,3,0,0,0,0,0,0,0,0,0,0,0,0,0,0,0,0,0,0,0,0,0,0,0,7,66,66,66,66,66,66,66,66,66,66,7,8,69,69,69,69,69,69,69,69,69,69,8,0,0,0,0,0,0,0,0,0,0,0,0,0,0,0,12,64,51,2,0,0,0,0,0,6,51,51,54,28,0,0,11,51,51,30,0,0,3,14,51,51,51,51,33,0,0,0,0,6,70,53,6,51,51,51,51,51,45,0,0,0,4,1,0,0,0,27,51,51,51,51,6,0,0,0,0,0,0,0,0,0,0,0,0
0,0,0,0,0,0,0,0,0,0,0,0,0,0,0,0,0,0,0,0,0,0,0,0,0,0,0,0,0,0,0,0,0,0,0,0,8,67,67,67,67,67,67,67,67,67,67,8,8,68,68,68,68,68,68,68,68,68,68,8,0,0,0,0,7,25,0,0,4,61,51,6,0,0,0,0,17,78,51,51,52,34,0,0,0,0,0,0,7,26,24,61,51,51,51,6,6,51,51,51,51,51,52,34,0,0,0,0,0,0,0,0,0,0,0,0,0,0,1,1,0,0,0,0,0,0,0,0,0,0,22,12,0,0,0,0,0,0,0,0,0,0,2,1
0,0,0,0,0,0,0,0,0,0,0,0,6,51,51,51,34,0,0,0,0,0,0,0,8,67,67,67,67,67,67,67,67,67,67,8,8,68,68,68,68,68,68,68,68,68,68,8,0,20,12,0,0,0,0,0,0,0,42,6,0,45,64,23,43,68,56,0,0,0,51,0,0,21,13,0,0,0,0,14,59,52,51,0,6,51,51,51,51,51,51,55,25,51,51,0,0,0,0,0,0,0,0,0,0,13,43,0,0,0,0,0,0,0,0,0,0,0,0,0,6,51,51,51,34,0,0,0,0,0,0,0,0,0,0,0,0,0,0,0,0,0,0,0
0,0,0,0,0,0,0,0,0,0,0,0,0,0,0,0,0,0,0,0,0,0,0,0,8,67,67,67,67,67,67,67,67,67,67,8,8,68,68,68,68,68,68,68,68,68,68,8,6,51,51,51,51,51,55,24,0,0,0,0,6,51,23,0,0,4,14,59,51,51,51,6,0,0,11,18,49,75,43,0,0,0,0,0,6,51,60,36,6,4,1,2,0,0,0,0,0,0,12,18,77,0,44,32,0,0,0,0,0,0,0,0,73,0,74,59,51,51,51,6,0,0,0,0,10,0,34,0,0,0,0,0,0,0,0,0,0,0,0,0,0,0,0,0
0,0,0,0,0,0,0,0,0,0,0,1,0,0,0,0,0,0,0,0,30,0,0,11,0,0,0,0,0,0,0,0,72,2,34,11,0,0,0,0,0,0,0,0,73,0,74,9,0,0,0,0,0,0,0,0,10,0,34,0,8,67,67,67,67,67,67,67,67,67,67,8,8,68,68,68,68,68,68,68,68,68,68,8,0,0,0,0,0,0,0,0,0,0,0,0,0,0,0,0,0,0,0,0,0,0,0,0,6,51,56,18,51,54,51,2,0,0,0,0,0,0,45,51,51,51,51,51,56,51,23,0,0,0,0,0,0,0,0,0,0,0,0,0
0,0,0,0,0,0,0,0,0,0,0,0,6,50,50,50,50,50,50,50,50,50,50,6,0,0,0,43,51,51,56,0,0,7,0,0,0,0,0,0,0,0,73,0,3,82,0,0,6,52,52,2,0,0,35,0,2,71,52,6,6,51,51,51,51,51,51,51,51,51,51,6,0,0,0,0,0,0,0,0,0,0,0,0,8,67,67,67,67,67,67,67,67,67,67,8,8,68,68,68,68,68,68,68,68,68,68,8,0,0,0,0,0,0,0,0,0,0,0,0,0,0,0,0,0,0,0,0,0,0,0,0,0,0,0,0,0,0,0,0,0,0,0,0
0,0,0,0,0,0,0,0,0,0,0,0,0,0,0,0,0,0,0,0,0,0,0,0,6,51,51,51,12,0,0,0,0,34,0,0,0,0,25,51,51,51,51,62,0,73,7,6,0,0,0,0,0,0,0,51,0,57,38,0,0,0,0,0,0,0,0,13,29,51,51,6,0,0,0,0,0,0,0,0,0,0,0,0,0,0,0,0,0,0,0,0,0,0,0,0,8,67,67,67,67,67,67,67,67,67,67,8,8,68,68,68,68,68,68,68,68,68,68,8,0,0,25,51,51,51,38,0,30,53,51,6,0,0,0,0,0,0,6,0,4,1,0,0
0,0,0,0,0,0,0,0,0,0,0,0,3,25,25,25,25,16,0,0,0,0,0,0,5,43,43,43,43,27,0,0,0,0,0,0,12,100,100,100,100,65,0,0,0,0,0,0,2,18,18,18,18,11,0,0,0,0,0,0,0,0,0,0,0,0,0,0,0,0,0,0,0,0,0,0,0,0,0,0,0,0,0,0,3,25,25,25,25,16,0,0,0,0,0,0,3,26,26,26,26,16,0,0,0,0,0,0,3,25,25,25,25,16,0,0,0,0,0,0,3,26,26,26,26,16,0,0,0,0,0,0,0,0,0,0,0,0,0,0,0,0,0,0
1,12,12,12,12,7,0,0,0,0,0,0,2,18,18,18,18,11,0,0,0,0,0,0,0,0,0,0,0,0,0,0,0,0,0,0,3,25,25,25,25,16,0,0,0,0,0,0,3,28,51,51,44,16,0,0,0,0,0,0,3,27,51,51,43,16,0,0,0,0,0,0,3,26,26,26,26,16,0,0,0,0,0,0,0,0,0,0,0,0,0,0,0,0,0,0,2,17,17,17,17,11,0,0,0,0,0,0,12,100,100,100,100,65,0,0,0,0,0,0,2,18,18,18,18,11,0,0,0,0,0,0,0,0,0,0,0,0,0,0,0,0,0,0
0,0,0,0,0,0,0,0,0,0,0,0,0,0,0,0,0,42,51,51,51,51,51,6,0,0,0,0,0,0,0,0,0,0,0,0,0,0,0,0,0,0,0,0,0,0,0,0,9,76,76,76,76,76,76,76,76,76,76,9,7,59,59,59,59,59,59,59,59,59,59,7,6,51,51,51,51,51,51,51,51,51,51,6,0,0,0,0,0,0,0,0,0,0,0,0,6,51,51,51,51,51,51,51,51,51,51,6,0,0,0,0,0,0,67,51,51,51,51,6,6,51,51,51,51,51,34,0,0,25,51,6,0,0,0,0,0,0,0,0,0,0,0,0
0,0,0,0,0,0,0,0,0,0,0,0,0,10,25,25,25,25,25,25,25,25,25,3,0,10,26,26,42,51,51,51,51,51,51,6,0,0,0,0,20,51,51,51,51,35,51,6,0,0,0,75,29,51,51,51,51,48,43,3,0,0,0,76,26,26,26,26,26,26,6,0,2,17,17,17,17,17,17,17,17,17,17,2,12,100,100,100,100,100,100,100,100,100,100,12,2,18,18,18,18,18,18,18,18,18,18,2,0,0,0,0,0,0,0,0,0,0,0,0,0,0,0,0,0,0,0,0,0,0,0,0,0,0,0,0,0,0,0,0,0,0,0,0
1,12,12,12,12,12,12,12,12,12,12,1,7,59,59,59,59,59,59,59,59,59,59,7,6,51,51,51,51,51,51,51,51,70,0,0,0,0,0,0,0,0,0,0,1,84,0,0,0,0,0,0,0,0,40,0,0,0,9,0,0,0,0,0,0,0,73,0,0,0,51,0,6,51,51,51,51,51,54,0,0,0,35,6,6,51,51,51,51,51,51,51,51,51,51,6,0,0,0,0,0,0,0,0,0,0,0,0,9,76,76,76,76,76,76,76,76,76,76,9,7,59,59,59,59,59,59,59,59,59,59,7,0,0,0,0,0,0,0,0,0,0,0,0
0,0,0,0,0,0,0,0,0,0,0,0,0,0,0,0,0,2,51,27,17,0,0,0,0,0,0,0,0,0,0,0,51,0,0,0,0,0,0,0,0,0,0,32,67,28,0,0,0,0,0,0,0,0,0,0,0,0,0,0,0,0,0,0,0,0,0,0,0,0,0,0,0,0,0,0,0,3,76,76,76,76,76,9,0,0,0,0,0,2,59,59,59,59,59,7,0,0,0,0,0,2,51,51,51,51,51,6,0,0,0,0,0,0,0,32,51,51,51,6,0,0,0,0,0,0,0,0,0,0,0,0,0,0,0,0,0,0,0,0,0,0,0,0
1,12,12,12,12,12,12,12,12,12,12,1,2,18,18,18,18,18,18,18,18,18,18,2,0,0,0,0,0,0,70,0,0,0,0,0,3,25,25,25,42,25,73,0,0,0,6,4,3,26,26,26,43,26,19,0,38,0,2,1,3,25,25,25,25,54,0,0,61,25,25,3,3,26,26,26,26,90,8,0,32,26,26,3,0,0,0,0,0,56,6,0,0,0,0,0,2,17,17,17,17,17,17,17,17,17,17,2,12,100,100,100,100,100,100,100,100,100,100,12,5,43,43,43,43,43,43,43,43,43,43,5,1,12,12,12,12,12,12,12,12,12,12,1
0,0,0,0,0,0,0,0,0,0,0,0,6,51,71,0,0,0,0,0,34,51,51,6,0,0,72,0,0,0,0,0,0,0,0,0,0,0,0,0,0,0,0,0,0,79,51,6,0,0,0,0,0,0,0,0,0,72,9,6,0,0,0,0,0,0,0,0,0,0,0,0,9,82,82,82,82,82,82,82,82,82,82,9,6,53,53,53,53,53,53,53,53,53,53,6,0,0,0,0,0,0,0,0,0,0,0,0,0,0,0,0,0,0,0,0,0,6,51,6,6,51,51,51,51,51,51,51,51,51,0,0,0,0,2,0,0,0,2,2,1,0,0,0
0,0,0,0,0,0,0,8,0,0,0,0,6,51,51,51,51,51,51,75,0,0,0,0,0,0,0,0,0,0,0,23,0,0,0,0,6,51,51,51,51,51,51,51,51,51,51,6,6,51,51,51,51,51,51,51,51,51,51,6,0,0,0,0,0,0,0,0,0,0,0,0,9,82,82,82,82,82,82,82,82,82,82,9,6,53,53,53,53,53,53,53,53,53,53,6,0,0,0,0,0,0,0,0,0,0,0,0,6,51,51,51,51,51,51,51,51,51,51,6,0,0,0,0,0,0,0,0,0,0,0,0,0,0,0,0,0,0,0,0,0,0,0,0
0,0,0,0,0,0,0,0,0,0,0,0,0,0,0,0,0,0,0,0,0,0,0,0,0,0,0,0,0,0,0,0,0,0,0,0,6,51,51,51,51,51,51,51,51,25,0,0,6,51,51,51,51,51,51,51,51,51,51,6,0,0,0,0,0,0,0,0,0,0,0,0,9,82,82,82,82,82,82,82,82,82,82,9,6,53,53,53,53,53,53,53,53,53,53,6,0,0,0,0,0,0,0,0,0,0,0,0,6,51,51,51,51,51,51,51,44,0,0,0,0,0,17,51,51,51,51,51,51,51,51,6,0,0,0,0,0,0,0,0,0,0,0,0
0,0,0,0,0,0,0,0,0,0,0,0,0,0,0,0,0,0,0,0,0,0,0,0,2,17,17,17,17,17,17,17,17,17,17,2,12,100,100,100,100,100,100,100,100,100,100,12,5,33,18,18,18,18,18,18,18,18,18,2,3,16,0,0,0,0,0,0,0,0,0,0,3,25,42,42,5,0,0,0,0,18,25,3,6,51,41,35,1,0,0,0,0,18,26,3,3,26,26,51,31,18,0,0,0,0,0,0,3,25,22,0,58,48,11,0,0,0,0,0,6,51,47,25,43,51,36,25,25,25,25,3,1,12,12,12,12,12,12,12,12,12,12,1
1,12,12,12,12,12,12,12,12,12,12,1,12,100,100,100,100,100,100,100,100,100,100,12,2,19,35,43,43,43,43,43,43,43,43,5,0,0,18,31,51,51,51,51,51,51,51,6,0,43,43,29,51,51,51,33,27,35,51,6,0,45,46,31,51,51,51,30,12,9,27,3,2,24,24,29,51,51,51,51,37,24,24,2,6,51,51,51,51,27,43,51,51,51,51,6,3,27,27,27,27,0,18,27,27,27,27,3,1,16,16,16,16,16,16,16,16,16,16,1,12,100,100,100,100,100,100,100,100,100,100,12,1,12,12,12,12,12,12,12,12,12,12,1
0,0,0,0,0,0,0,0,0,0,0,0,0,0,0,0,0,0,10,26,25,25,25,3,0,0,0,0,0,0,35,54,26,26,26,3,0,0,0,0,0,0,22,24,0,0,0,0,0,33,51,25,25,25,25,25,25,25,25,3,0,33,52,26,26,26,26,26,26,26,26,3,2,17,17,17,17,17,17,17,17,17,17,2,12,100,100,100,100,100,100,100,100,100,100,12,2,18,18,18,18,18,18,18,18,18,18,2,4,32,25,25,25,25,49,36,0,0,0,0,1,25,26,26,26,26,50,36,0,0,0,0,0,0,0,0,0,0,0,0,0,0,0,0
0,0,0,0,0,0,0,0,0,0,0,0,6,51,51,51,51,51,51,51,51,51,51,6,0,0,0,0,0,0,0,0,0,0,0,0,6,58,58,58,58,58,58,58,58,58,58,6,9,77,77,77,77,77,77,77,77,77,77,9,0,30,51,51,51,51,51,51,51,51,51,6,6,51,51,51,51,31,0,8,0,0,0,0,6,51,51,51,15,0,0,51,0,0,30,6,6,51,30,0,0,0,0,57,51,51,51,6,0,0,0,0,0,0,0,1,0,0,0,0,0,0,0,0,0,0,0,0,0,0,0,0,0,0,0,0,0,0,0,0,0,0,0,0
0,0,0,0,8,0,0,0,0,0,0,0,0,0,0,0,57,51,51,51,51,51,51,6,0,0,0,74,51,51,51,51,51,51,51,6,0,0,0,73,0,0,0,0,0,0,0,0,0,0,0,2,0,0,0,0,0,0,0,0,0,0,0,0,0,0,0,0,0,0,0,0,9,77,77,77,77,77,77,77,77,77,77,9,6,58,58,58,58,58,58,58,58,58,58,6,0,0,0,0,0,0,0,0,0,0,0,0,6,20,0,0,0,0,0,0,0,0,0,0,6,59,51,51,51,51,51,51,51,51,51,6,0,0,0,0,0,0,0,0,0,0,0,0
0,0,0,0,0,0,0,0,0,0,0,0,6,51,51,51,51,51,51,51,51,51,51,6,6,41,0,0,0,20,51,51,20,0,0,0,0,51,13,31,57,51,51,51,51,51,51,6,0,51,51,34,17,0,0,0,0,0,0,0,0,13,51,9,4,61,51,51,51,36,0,0,0,0,51,0,0,73,0,0,0,0,0,0,0,43,63,16,0,10,0,0,0,0,0,0,8,67,67,67,67,67,67,67,67,67,67,8,8,68,68,68,68,68,68,68,68,68,68,8,0,0,0,0,0,0,0,0,0,0,0,0,0,0,0,0,0,0,0,0,0,0,0,0
0,0,0,0,0,0,0,0,0,0,0,0,0,0,0,0,0,0,0,0,0,0,0,0,9,77,77,77,77,77,77,77,77,77,77,9,6,58,58,58,58,58,58,58,58,58,58,6,6,51,51,51,51,51,51,51,51,51,51,6,0,0,0,0,0,0,0,0,0,0,0,0,0,0,35,51,51,51,51,51,45,0,0,0,6,51,51,51,51,51,51,21,0,75,51,6,0,0,0,0,0,0,0,0,1,72,0,0,0,0,0,0,0,0,0,0,0,27,0,0,0,0,0,0,0,0,0,0,0,0,0,0,0,0,0,0,0,0,0,0,0,0,0,0
0,0,0,0,0,0,0,0,0,0,0,0,0,0,0,0,0,0,0,0,0,0,0,0,1,16,16,16,16,16,16,16,16,16,16,1,12,100,100,100,100,100,100,100,100,100,100,12,2,19,19,19,19,19,19,19,19,19,19,2,0,0,0,0,0,0,0,0,0,3,24,2,0,0,9,24,24,20,0,0,11,28,51,6,0,0,10,27,28,49,0,14,36,51,51,6,0,0,0,0,1,38,34,39,29,27,27,3,0,0,0,70,0,0,36,57,30,0,0,0,0,0,0,79,24,24,24,35,50,24,24,2,0,0,0,11,12,12,12,12,12,12,12,1
0,0,0,0,0,0,0,0,0,0,0,0,0,0,0,0,0,0,0,0,0,0,0,0,1,16,16,16,16,16,16,16,16,16,16,1,12,100,100,100,100,100,100,100,100,100,100,12,2,19,19,19,19,19,19,19,19,19,19,2,2,24,11,0,0,1,24,24,24,24,24,2,3,27,12,0,0,1,27,27,45,51,51,6,2,24,24,19,0,0,0,0,20,27,27,3,3,27,49,45,24,24,24,24,24,24,17,0,0,0,62,27,27,27,28,51,51,51,43,2,2,24,52,0,0,0,1,27,27,27,27,3,1,12,7,0,0,0,0,0,0,0,0,0
1,12,12,12,12,12,12,12,12,12,12,1,12,100,100,100,100,100,100,100,100,100,100,12,5,43,43,43,43,43,43,43,43,43,43,5,6,51,51,51,42,26,26,45,51,51,51,6,6,51,51,51,41,27,0,73,26,26,26,3,4,34,47,30,26,79,0,71,0,0,0,0,5,43,43,7,0,46,0,0,0,0,0,0,3,25,25,25,25,16,0,0,0,0,0,0,6,51,51,51,51,42,25,25,25,25,25,3,5,43,43,43,43,43,43,43,43,43,43,5,12,100,100,100,100,100,100,100,100,100,100,12,1,12,12,12,12,12,12,12,12,12,12,1
1,12,12,12,12,12,12,12,12,12,12,1,3,26,26,26,26,26,26,26,26,26,26,3,2,17,17,17,17,17,17,17,17,17,17,2,12,100,100,100,100,100,100,100,100,100,100,12,2,18,18,18,18,18,18,18,18,18,18,2,0,0,0,0,0,0,0,42,25,19,0,0,3,25,25,25,25,1,0,43,26,19,0,0,6,51,51,51,51,37,11,0,50,0,0,0,3,26,26,26,26,36,12,0,85,25,25,3,0,0,0,14,25,25,25,25,47,51,51,6,0,0,0,34,37,28,26,26,26,26,26,3,0,0,0,0,0,0,0,0,0,0,0,0
1,12,12,12,12,12,12,12,12,12,12,1,6,53,53,53,53,53,53,53,53,53,53,6,6,51,51,51,51,51,51,51,51,51,51,6,6,51,51,51,51,51,68,5,0,0,0,0,0,0,31,63,51,70,27,51,51,51,51,6,0,43,54,20,0,73,0,0,0,0,0,0,0,0,0,0,0,24,0,0,0,0,0,0,0,0,0,0,0,0,0,0,0,0,0,0,0,0,0,0,0,0,0,0,0,0,0,0,9,82,82,82,82,82,82,82,82,82,82,9,6,53,53,53,53,53,53,53,53,53,53,6,0,2,2,2,2,2,2,2,2,2,2,0
0,0,0,0,0,0,0,0,0,0,0,0,0,0,0,0,0,0,0,0,0,0,0,0,8,67,67,67,67,67,67,67,67,67,67,8,8,68,68,68,68,68,68,68,68,68,68,8,0,0,0,0,48,51,51,15,0,0,0,0,0,0,28,51,53,0,0,0,0,0,0,0,7,13,56,51,51,51,51,51,51,51,51,6,12,62,45,0,22,51,51,51,51,51,51,6,7,15,51,51,51,51,51,51,51,51,63,0,6,51,51,51,14,0,0,0,0,0,73,0,0,0,0,0,0,0,0,0,0,0,35,0,0,0,0,0,0,0,0,0,0,0,0,0
1,12,12,12,12,12,12,12,12,12,12,1,3,26,26,26,26,31,51,51,51,51,51,6,3,25,31,0,21,36,51,51,41,26,26,3,6,36,31,38,21,31,26,34,61,0,4,3,6,35,25,63,25,33,58,11,59,0,4,3,3,26,26,34,26,34,59,0,0,0,0,0,3,25,25,25,25,25,25,25,25,25,25,3,5,43,43,43,43,43,43,43,43,43,43,5,12,100,100,100,100,100,100,100,100,100,100,12,2,18,18,18,18,18,18,18,18,18,18,2,0,0,0,0,0,0,0,0,0,0,0,0,0,0,0,0,0,0,0,0,0,0,0,0
0,2,2,5,4,0,0,0,0,0,0,0,0,0,0,36,37,0,0,0,0,0,0,0,0,0,0,10,10,0,0,0,0,0,0,0,0,0,0,0,0,0,0,0,0,0,0,0,6,53,53,53,53,53,53,53,53,53,53,6,9,82,82,82,82,82,82,82,82,82,82,9,6,51,51,51,51,51,51,51,5,11,12,0,7,18,56,30,0,0,0,0,0,36,37,0,12,20,51,11,12,4,51,51,51,65,38,2,2,13,54,36,37,0,0,0,0,0,0,1,0,0,0,60,22,0,0,0,0,0,0,0,0,0,0,6,0,0,0,0,0,0,0,0
0,2,2,2,2,2,2,2,2,2,2,0,6,53,53,53,53,53,53,53,53,53,53,6,9,82,82,82,82,82,82,82,82,82,82,9,0,0,0,11,12,0,0,0,0,0,0,0,0,0,0,36,37,0,7,51,51,51,51,6,6,51,39,32,65,51,38,0,0,0,0,0,0,0,51,0,37,51,51,51,51,51,51,6,0,0,20,44,51,51,55,15,0,0,0,0,0,0,0,0,0,4,67,61,5,0,0,0,0,0,0,0,0,0,0,0,0,0,0,0,6,53,53,53,53,53,53,53,53,53,53,6,1,12,12,12,12,12,12,12,12,12,12,1
0,2,2,2,2,2,2,2,2,2,2,0,6,53,53,53,53,53,53,53,53,53,53,6,9,82,82,82,82,82,82,82,82,82,82,9,6,51,51,51,51,51,51,51,51,51,51,6,6,51,51,21,0,0,0,0,0,0,0,0,6,51,51,51,51,51,51,51,51,51,51,6,6,51,51,51,51,51,51,51,53,15,1,6,0,0,0,0,0,0,0,0,22,61,51,6,6,51,51,51,51,51,51,51,51,51,51,6,0,0,0,0,0,0,0,0,0,0,0,0,6,53,53,53,53,53,53,53,53,53,53,6,1,12,12,12,12,12,12,12,12,12,12,1
1,12,12,12,12,12,12,12,12,12,12,1,0,3,3,3,3,3,3,3,3,3,3,0,4,40,40,40,40,40,40,40,40,40,40,4,11,95,95,95,95,95,95,95,95,95,95,11,0,0,0,0,0,0,0,0,0,0,0,0,5,48,48,48,48,48,48,48,48,48,48,5,0,3,3,3,15,51,51,51,51,51,30,0,5,48,48,48,61,43,3,3,3,3,8,2,0,3,3,3,3,1,0,0,0,0,37,12,0,0,0,0,0,0,0,0,0,0,27,9,0,0,0,0,0,0,0,0,0,0,0,0,0,0,0,0,0,0,0,0,0,0,0,0
1,12,12,12,12,12,12,12,12,12,12,1,3,26,26,26,26,26,26,26,26,26,26,3,2,17,17,17,17,17,17,17,17,17,17,2,12,100,100,100,100,100,100,100,100,100,100,12,2,18,18,18,18,18,18,18,18,18,18,2,3,25,25,25,25,25,25,25,25,25,25,3,3,26,26,26,26,26,26,26,31,51,32,3,0,0,0,0,0,0,0,0,20,74,7,0,0,0,0,0,0,0,0,0,12,39,43,2,0,0,0,0,0,0,0,16,13,0,71,4,3,25,25,25,25,25,25,75,26,0,66,3,1,12,12,12,12,12,12,12,2,0,0,0
0,0,0,0,0,8,0,3,3,6,0,0,0,0,0,0,0,82,51,63,30,56,9,0,0,0,0,0,0,27,0,13,12,10,54,10,6,51,51,51,51,51,51,20,0,0,0,0,0,0,0,0,0,0,57,51,51,51,51,6,9,76,76,76,76,76,88,76,76,76,76,9,7,59,59,59,59,59,59,59,59,59,59,7,0,0,0,0,0,0,0,0,0,0,0,0,0,0,0,38,51,51,2,0,0,0,0,0,0,34,26,51,51,14,0,0,0,0,0,0,6,75,51,51,51,51,51,51,51,51,51,6,0,6,0,0,0,0,0,0,0,0,0,0
0,0,0,0,0,0,0,0,0,0,0,0,2,17,17,17,17,17,17,17,17,17,17,2,12,100,100,100,100,100,100,100,100,100,100,12,2,18,18,18,18,18,18,18,18,18,18,2,0,0,0,0,0,0,14,25,25,25,25,3,0,0,0,0,29,20,15,63,26,26,26,3,3,25,25,25,62,35,0,30,0,0,0,0,3,26,49,51,51,34,25,25,23,0,0,0,0,0,23,26,42,51,51,29,24,0,0,0,4,39,16,0,17,26,26,3,0,0,0,0,3,29,22,17,17,17,17,17,17,17,17,2,1,12,12,12,12,12,12,12,12,12,12,1
0,0,0,0,0,0,0,0,0,0,0,0,0,0,0,0,0,0,0,0,0,0,0,0,3,25,25,25,25,25,25,25,25,25,38,11,3,26,26,26,46,51,51,51,51,36,39,12,0,0,0,38,20,50,51,46,57,57,16,9,0,14,25,53,0,42,51,46,35,51,31,3,0,15,26,24,0,17,26,26,26,26,26,3,2,17,17,17,17,17,17,17,17,17,17,2,12,100,100,100,100,100,100,100,100,100,100,12,5,43,43,43,43,33,18,18,18,18,18,2,3,26,26,26,26,15,0,0,0,0,0,0,0,0,0,0,0,0,0,0,0,0,0,0
0,0,0,0,0,0,0,0,0,0,0,0,0,0,0,0,0,0,0,0,0,0,0,0,0,0,0,0,0,0,63,0,0,0,0,0,9,75,75,75,75,75,93,75,75,75,75,9,7,60,60,60,60,60,60,60,60,60,60,7,0,0,0,0,0,0,0,0,0,0,0,0,0,0,0,0,0,34,0,0,0,0,0,0,6,51,51,51,51,75,51,51,51,51,51,6,0,0,0,0,7,26,0,0,0,32,51,6,0,0,0,5,73,51,68,0,0,0,0,0,0,0,0,0,0,0,73,0,0,0,0,0,0,0,0,0,0,0,4,0,0,0,0,0
1,12,12,12,12,12,12,12,12,12,12,1,7,60,60,60,60,60,60,60,60,60,60,7,0,0,0,0,0,0,0,0,0,0,0,0,0,0,0,0,0,0,72,51,57,0,0,0,0,0,0,0,0,0,73,0,61,51,51,6,0,0,0,0,0,0,4,0,0,0,0,0,6,52,0,0,0,0,0,0,0,0,0,0,0,51,0,0,0,0,0,0,0,0,0,0,0,51,0,0,0,0,0,0,0,0,0,0,9,87,75,75,75,75,75,75,75,75,75,9,7,80,60,60,60,60,60,60,60,60,60,7,0,6,0,0,0,0,0,0,0,0,0,0
0,0,5,2,5,9,9,0,0,0,0,0,0,0,46,57,46,56,31,0,0,0,0,0,0,0,31,6,23,34,0,0,0,17,0,0,0,0,0,0,0,0,39,0,0,51,0,0,0,0,0,0,0,0,82,51,51,51,0,0,0,0,0,0,0,0,28,0,0,0,0,0,9,75,75,75,75,75,75,75,75,75,75,9,7,60,60,60,60,60,60,60,60,60,60,7,0,0,0,0,0,0,0,0,0,0,0,0,0,0,0,0,0,0,0,0,0,0,0,0,0,0,0,0,0,0,72,51,51,51,51,6,0,0,0,0,0,0,8,0,0,0,0,0
0,0,0,0,0,0,5,0,0,6,0,0,0,0,0,0,0,71,9,1,0,36,0,0,6,51,51,51,51,77,0,14,35,0,0,0,0,0,0,0,0,35,0,54,63,11,0,0,6,56,56,56,56,56,56,56,56,56,56,6,9,79,79,79,79,79,79,79,79,79,79,9,6,51,51,51,51,51,51,51,51,51,51,6,0,0,0,0,0,0,0,49,51,51,51,6,0,0,0,0,0,0,0,0,0,0,0,0,0,0,0,0,0,0,0,0,0,0,0,0,0,0,0,0,0,0,0,0,0,0,0,0,0,0,0,0,0,0,0,0,0,0,0,0
0,0,0,0,0,0,0,0,0,0,0,0,0,0,0,0,0,0,15,51,79,0,0,0,0,0,0,0,0,0,0,0,15,0,30,6,0,0,0,0,0,2,51,51,51,51,51,6,0,0,0,0,0,2,51,51,51,57,15,0,0,0,0,0,0,0,0,0,0,51,0,0,0,0,0,0,0,0,0,0,0,46,51,6,0,0,0,0,0,2,56,56,56,56,56,6,0,0,0,0,0,3,79,79,79,79,79,9,0,0,0,0,0,0,0,0,0,0,0,0,0,0,0,0,0,0,0,0,0,0,0,0,0,0,0,0,0,0,0,0,0,0,0,0
0,0,0,0,0,0,0,0,0,0,0,0,6,51,51,51,51,51,51,20,7,57,2,0,6,11,0,0,0,0,0,7,17,51,0,0,6,51,51,51,51,51,51,58,58,51,0,0,0,50,51,51,51,51,28,10,65,10,0,0,0,0,0,0,0,0,0,0,59,51,51,6,6,51,2,0,0,0,0,0,0,0,0,0,6,56,56,56,56,56,56,56,56,56,56,6,9,79,79,79,79,79,79,79,79,79,79,9,0,0,0,0,0,0,0,0,0,0,0,0,0,0,0,0,0,0,0,0,0,0,0,0,0,0,0,0,0,0,0,0,0,0,0,0
1,12,12,12,12,12,12,12,12,12,12,1,4,35,35,35,35,35,35,41,43,42,35,4,0,0,0,0,0,0,0,63,43,40,4,0,0,0,0,0,0,0,0,51,0,0,24,5,0,0,0,0,0,0,0,51,0,2,3,0,0,0,0,0,0,0,0,47,20,27,53,0,0,0,0,0,0,0,0,0,49,10,47,6,0,0,4,8,8,8,8,8,53,2,31,6,0,0,25,43,43,43,43,43,43,0,0,0,12,100,100,100,100,100,100,100,100,100,100,12,4,35,35,35,35,35,35,35,35,35,35,4,0,0,0,0,0,0,0,0,0,0,0,0
1,6,0,0,0,0,0,0,0,0,0,0,0,51,0,0,0,0,0,0,0,0,0,0,0,51,51,0,0,0,0,0,0,0,0,0,0,27,51,0,0,0,0,0,0,0,0,0,0,0,51,0,0,0,0,0,0,0,0,0,0,42,75,0,0,0,0,0,0,0,0,0,4,42,43,0,0,0,0,0,0,0,0,0,11,94,94,0,0,0,0,0,0,0,0,0,0,0,0,0,0,0,0,0,0,0,0,0,5,49,49,0,0,0,0,0,0,0,0,0,0,2,2,0,0,0,0,0,0,0,0,0,0,0,0,0,0,0,0,0,0,0,0,0
0,0,0,0,0,0,0,0,0,0,0,0,8,67,67,67,67,67,67,67,67,67,67,8,9,70,68,68,68,68,68,68,68,68,68,8,0,0,0,0,0,0,0,0,0,0,2,1,0,0,0,0,0,0,0,0,0,0,27,12,0,0,0,0,0,0,32,57,51,51,20,9,0,31,51,51,37,0,35,16,4,51,51,6,6,51,51,51,51,51,10,9,46,4,0,0,0,0,0,0,0,0,31,52,41,63,51,6,6,51,51,29,0,0,0,0,0,5,0,0,8,67,67,67,67,67,67,67,67,67,67,8,1,12,12,12,12,12,12,12,12,12,12,1
0,0,0,0,0,0,0,0,0,0,0,0,0,0,0,0,0,0,0,0,0,0,0,0,7,66,66,66,66,66,66,66,66,66,66,7,8,69,69,69,69,69,69,69,69,69,69,8,6,51,51,51,51,51,51,51,51,54,0,0,0,0,0,10,28,0,0,0,0,51,0,0,6,51,28,23,64,0,0,0,0,56,9,3,0,0,0,11,30,37,51,51,3,51,37,12,0,0,29,51,51,11,0,0,0,21,36,12,6,51,28,0,0,46,51,57,51,11,23,12,0,0,0,0,0,0,0,0,0,0,3,1,0,0,0,0,0,0,0,0,0,0,0,0
1,12,12,12,12,12,12,12,12,12,12,1,4,36,36,36,36,36,36,40,43,43,43,5,0,0,0,0,0,0,0,26,44,44,44,5,0,7,7,13,12,0,21,7,7,7,7,0,5,44,44,50,24,29,43,47,51,50,44,5,0,0,0,0,12,56,7,22,44,79,0,0,0,0,0,0,23,53,44,11,0,73,0,0,0,0,0,0,0,0,0,0,0,11,0,0,0,0,0,0,0,0,0,0,0,0,0,0,11,99,99,99,99,99,99,99,99,99,99,11,4,36,36,36,36,36,36,36,36,36,36,4,0,0,0,0,0,0,0,0,0,0,0,0
1,12,12,12,12,12,12,12,12,12,12,1,4,35,35,43,43,43,43,43,43,43,43,5,0,8,11,45,43,43,43,43,43,43,43,5,5,43,43,10,0,16,8,8,8,8,16,0,0,8,7,17,12,72,43,43,43,43,72,5,5,43,39,34,21,47,0,34,18,17,47,0,0,8,8,84,12,7,8,63,35,41,0,0,5,43,43,81,0,39,43,43,27,41,0,0,0,0,0,10,0,0,0,3,43,17,0,0,12,100,100,100,100,100,100,100,100,100,100,12,4,35,35,35,35,35,35,35,35,35,35,4,0,0,0,0,0,0,0,0,0,0,0,0
1,12,12,12,12,12,12,12,12,12,12,1,4,36,36,36,36,36,36,36,36,36,36,4,0,0,0,0,0,0,0,4,7,4,26,5,0,0,0,0,0,0,0,25,72,26,58,12,0,0,0,0,0,0,0,29,50,1,27,6,0,0,4,7,7,7,7,52,47,9,12,1,0,7,33,51,45,44,44,39,0,25,35,0,6,51,51,51,13,7,7,7,7,79,44,5,5,44,44,44,44,44,44,44,44,33,0,0,11,99,99,99,99,99,99,99,99,99,99,11,4,36,36,36,36,36,36,36,36,36,36,4,0,0,0,0,0,0,0,0,0,0,0,0
1,12,12,12,12,12,12,12,12,12,12,1,4,35,35,35,35,35,35,35,35,35,35,4,0,8,8,8,15,0,0,0,0,0,0,0,5,43,43,43,68,0,0,0,8,8,8,0,0,0,0,0,47,0,58,9,51,51,51,6,0,0,0,0,0,0,78,43,43,43,43,5,0,0,0,0,0,0,10,0,8,49,11,0,0,0,0,0,0,0,0,1,43,76,15,0,0,0,0,0,0,0,0,0,0,8,2,0,12,100,100,100,100,100,100,100,100,100,100,12,4,35,35,35,35,35,35,35,35,35,35,4,0,0,0,0,0,0,0,0,0,0,0,0
0,0,0,0,0,0,0,0,0,0,0,0,6,51,51,51,51,51,51,51,51,51,51,6,8,67,67,67,67,67,67,67,67,67,67,8,8,68,68,68,68,68,68,68,68,68,68,8,6,42,0,0,0,0,0,0,0,0,0,0,0,0,0,47,51,51,51,51,51,51,51,6,6,53,40,0,0,0,0,4,0,0,0,0,0,7,44,0,5,1,0,69,51,51,51,6,6,17,11,0,64,21,0,5,0,0,0,0,0,0,0,0,48,56,51,51,51,0,0,0,6,51,51,51,51,51,51,51,51,51,51,6,0,0,0,0,0,0,0,0,0,0,0,0
1,12,12,12,12,12,12,12,12,12,12,1,4,35,35,35,35,35,35,35,35,35,35,4,0,0,0,0,14,9,2,0,58,0,0,0,0,1,58,0,62,49,12,8,74,0,0,0,11,17,79,0,37,12,14,51,45,8,8,0,12,14,10,8,8,19,51,51,50,43,43,5,4,10,9,51,51,51,51,51,50,8,8,0,5,43,43,43,43,43,43,43,43,43,43,5,0,0,0,0,0,0,0,0,0,0,0,0,12,100,100,100,100,100,100,100,100,100,100,12,4,35,35,35,35,35,35,35,35,35,35,4,0,0,0,0,0,0,0,0,0,0,0,0
0,0,0,0,0,0,0,0,0,0,0,0,0,8,2,0,0,0,0,0,0,0,0,0,5,43,11,0,0,0,0,0,0,0,0,0,12,100,100,100,100,100,100,100,100,100,100,12,5,39,35,35,35,35,68,35,35,35,35,4,5,19,0,0,0,0,51,0,0,0,0,0,0,0,0,0,0,17,57,2,21,0,0,0,0,0,0,7,28,59,32,10,87,0,0,0,0,8,2,21,68,47,16,14,81,0,0,0,5,43,11,61,29,7,44,12,0,0,0,0,0,8,8,54,0,39,43,11,0,0,0,0,1,12,12,11,0,0,0,0,0,0,0,0
0,0,10,7,0,0,0,0,0,0,0,0,0,2,86,61,0,0,0,0,35,0,0,0,5,15,69,56,0,0,0,0,85,8,8,0,0,0,0,0,7,8,8,8,45,51,44,5,0,0,0,0,40,43,43,43,43,43,6,0,0,0,0,0,0,0,0,0,0,0,0,0,12,100,100,100,100,100,100,100,100,100,100,12,5,43,43,43,43,43,43,43,43,43,43,5,5,43,43,43,43,43,43,43,43,43,43,5,0,0,0,0,0,0,0,0,0,0,0,0,0,0,0,0,0,0,0,0,0,0,0,0,0,0,0,0,0,0,0,0,0,0,0,0
1,3,0,0,0,0,0,0,0,0,0,0,12,36,8,8,8,7,0,0,0,0,0,0,5,43,43,43,43,39,0,0,0,0,0,0,12,100,100,100,100,100,100,100,100,100,100,12,4,35,35,37,43,43,43,43,43,43,43,5,0,0,0,11,43,43,43,43,43,43,43,5,0,0,0,0,0,0,8,0,0,0,0,0,0,0,0,0,0,0,51,30,0,0,0,0,0,0,13,50,50,50,51,52,8,6,0,0,0,0,0,0,0,0,1,38,43,73,8,0,0,8,8,8,8,8,9,3,0,39,43,5,1,12,12,12,12,12,12,3,0,0,0,0
0,0,0,0,0,0,0,0,0,0,0,0,0,0,0,0,0,0,0,0,0,0,0,0,0,0,0,0,0,0,0,0,0,0,0,0,11,99,99,99,99,99,99,99,99,99,99,11,4,36,45,43,43,43,43,43,43,43,43,5,0,0,79,44,44,44,44,44,51,45,44,5,0,0,60,0,0,5,7,11,61,21,0,0,0,0,0,0,0,32,44,44,33,21,0,0,0,0,0,0,0,0,29,0,30,21,0,0,0,0,0,0,0,4,54,4,15,11,0,0,0,0,0,0,0,26,52,26,0,0,0,0,0,0,0,0,0,0,0,0,0,0,0,0
0,0,0,0,0,0,0,0,0,0,0,0,0,0,0,0,0,0,0,0,0,0,0,0,0,0,0,0,0,0,0,0,0,0,0,0,12,100,100,100,100,100,100,100,100,100,100,12,4,35,35,35,35,35,35,35,35,35,35,4,0,0,0,0,0,58,0,0,0,1,8,0,0,8,8,8,8,74,0,0,0,10,43,5,5,43,43,43,43,38,8,10,8,8,58,0,0,8,8,1,0,6,43,84,43,43,79,0,5,43,43,6,0,0,0,59,0,0,14,0,0,0,0,0,0,0,0,0,0,0,25,5,0,0,0,0,0,0,0,0,0,0,0,0
0,8,8,8,8,8,8,8,8,8,8,0,5,43,43,43,43,43,43,43,43,43,43,5,0,0,0,0,0,33,0,0,0,22,8,0,0,5,0,0,0,77,0,0,0,47,43,5,5,30,0,0,0,59,0,0,0,0,0,0,0,0,0,0,0,0,0,0,0,0,0,0,12,100,100,100,100,100,100,100,100,100,100,12,4,35,35,35,35,35,35,35,35,35,35,4,0,0,0,0,0,0,0,0,0,0,0,0,0,0,0,0,0,0,0,0,60,20,0,0,0,0,0,0,0,0,0,0,86,81,0,0,0,0,0,0,0,0,0,0,10,9,0,0
0,8,8,8,8,2,0,0,5,8,8,0,5,43,43,43,43,12,0,29,53,49,43,5,0,0,0,0,0,0,0,0,0,0,0,0,12,100,100,100,100,100,100,100,100,100,100,12,4,35,35,35,35,35,35,35,35,35,35,4,0,0,0,0,0,0,0,0,0,0,4,0,0,0,0,0,0,0,0,0,0,6,32,6,0,0,0,0,0,0,0,0,0,78,43,5,0,0,0,0,0,0,0,0,0,73,0,0,0,8,8,8,8,8,8,58,0,10,0,0,5,43,43,43,43,43,43,79,0,0,0,0,0,0,0,0,0,0,0,8,0,0,0,0
0,7,4,0,0,0,0,0,0,0,0,0,5,44,28,0,0,0,0,0,0,0,0,0,0,0,0,0,0,0,0,0,0,0,0,0,11,99,99,99,99,99,99,99,99,99,99,11,4,36,36,36,36,36,36,36,36,36,36,4,0,0,0,0,0,0,0,0,0,0,0,0,0,0,0,0,0,0,0,0,5,7,7,0,0,0,0,8,7,7,7,15,63,44,44,5,0,0,0,78,44,44,44,72,33,0,18,3,0,0,0,59,0,0,0,48,57,7,29,5,0,0,0,0,0,0,0,0,78,44,19,0,0,0,0,0,0,0,0,0,8,0,0,0
0,0,0,0,0,0,0,0,0,0,0,0,0,0,0,0,0,0,0,0,0,0,0,0,0,0,0,0,0,0,0,0,0,0,0,0,12,100,100,100,100,100,100,100,100,100,100,12,4,35,35,35,35,35,35,35,35,35,35,4,0,0,0,0,0,0,0,8,0,0,0,0,0,0,0,0,0,0,0,73,5,25,25,3,0,0,0,0,0,5,24,68,5,35,37,3,0,8,8,8,8,17,41,37,32,56,51,6,5,43,43,43,43,44,24,0,0,5,0,0,0,0,0,0,0,0,0,0,0,28,51,6,0,0,0,0,0,0,0,0,0,0,0,0
1,6,0,0,1,4,0,6,8,8,8,0,12,51,30,0,10,41,35,38,46,51,51,6,1,47,51,0,10,45,85,0,23,51,50,5,0,0,51,4,12,51,39,6,88,43,40,0,0,0,52,32,51,51,18,77,89,0,0,2,0,0,30,43,43,43,43,36,12,0,0,0,12,100,100,100,100,100,100,100,100,100,100,12,4,35,35,35,35,35,35,35,35,35,35,4,0,0,0,0,0,0,0,0,0,0,0,0,0,0,0,0,0,0,0,0,0,0,0,0,0,0,0,0,0,0,0,0,0,0,0,0,0,0,0,0,0,0,0,0,0,0,0,0
1,12,12,12,12,12,12,12,12,12,12,1,4,35,35,35,35,35,35,35,35,35,35,4,0,0,0,0,0,0,0,0,0,0,0,0,0,0,70,28,58,0,5,8,8,8,8,0,0,2,86,31,74,8,35,51,51,51,44,5,6,19,22,16,44,51,43,43,43,43,6,0,5,43,43,43,43,43,9,8,8,2,0,0,0,0,0,0,0,0,27,43,43,11,0,0,0,0,0,0,0,0,0,0,0,0,0,0,12,100,100,100,100,100,100,100,100,100,100,12,4,35,35,35,35,35,35,35,35,35,35,4,0,0,0,0,0,0,0,0,0,0,0,0
1,12,12,12,12,12,12,12,12,12,12,1,4,35,35,35,35,42,43,43,43,43,43,5,0,0,0,0,0,67,43,43,43,43,43,5,0,0,0,0,0,51,0,0,0,0,0,0,0,8,50,11,18,51,45,9,4,0,0,1,5,43,69,20,31,47,53,44,25,0,0,0,0,0,15,26,35,0,13,0,0,0,0,0,0,0,11,43,39,0,0,0,0,0,0,0,0,0,0,0,0,0,0,0,0,0,0,0,12,100,100,100,100,100,100,100,100,100,100,12,4,35,35,35,35,35,35,35,35,35,35,4,0,0,0,0,0,0,0,0,0,0,0,0
0,8,0,9,7,7,7,7,7,7,7,0,0,73,0,65,44,45,51,51,48,44,51,6,5,43,7,7,0,7,44,44,33,10,51,6,0,31,44,44,4,0,0,0,61,44,44,5,0,7,7,7,7,7,7,7,52,0,0,0,5,44,44,44,44,44,44,44,33,0,0,0,11,99,99,99,99,99,99,99,99,99,99,11,5,43,43,43,43,43,43,43,43,43,43,5,5,44,44,44,44,44,44,44,44,44,44,5,0,7,7,7,7,7,7,7,7,7,7,0,5,44,44,44,44,44,44,44,44,44,44,5,0,0,0,0,0,0,0,0,0,0,0,0
0,0,0,0,0,0,0,0,0,0,0,0,0,0,0,0,0,0,0,0,0,0,0,0,0,0,0,0,0,0,0,0,0,0,0,0,12,100,100,100,100,100,100,100,100,100,100,12,4,35,35,41,43,43,43,35,35,35,35,4,0,0,0,34,43,43,43,4,0,58,0,0,0,8,8,15,0,0,0,8,8,74,0,0,5,43,43,68,0,1,9,51,48,37,0,0,0,26,6,47,17,16,43,43,27,0,0,0,0,59,21,8,45,23,0,58,8,7,0,0,0,35,43,43,43,23,2,87,56,42,0,0,0,0,0,0,0,0,0,8,0,0,0,0
0,0,0,0,0,0,0,0,0,0,0,0,0,0,0,0,0,0,0,0,0,0,0,0,0,0,0,0,0,0,0,0,0,0,0,0,12,100,100,100,100,100,100,100,100,100,100,12,4,35,35,35,35,35,35,35,35,35,35,4,0,3,0,0,0,0,9,15,0,0,0,0,10,41,0,12,7,0,78,68,0,0,0,0,7,31,30,50,87,0,59,47,0,0,0,0,0,7,52,47,87,8,8,8,8,8,8,0,0,87,42,0,78,43,43,43,43,43,43,5,5,79,0,0,59,0,0,0,0,0,0,0,0,8,0,0,0,0,0,0,0,0,0,0
0,0,7,8,3,0,0,0,0,0,0,0,0,7,39,54,31,30,0,0,7,28,0,0,5,37,21,19,29,51,0,0,17,70,8,0,0,8,54,1,0,51,2,8,15,51,51,6,5,43,43,0,0,54,19,51,51,51,51,6,0,0,0,0,0,38,43,43,43,43,43,5,12,100,100,100,100,100,100,100,100,100,100,12,5,43,43,43,37,35,35,35,35,35,35,4,5,43,43,43,11,0,0,0,0,0,0,0,0,0,0,0,0,0,0,0,0,0,0,0,0,8,8,8,8,8,8,8,8,8,8,0,1,12,12,12,12,12,12,12,12,12,12,1
1,12,12,12,12,12,12,12,12,12,12,1,4,35,35,35,35,35,35,35,35,35,35,4,2,8,2,0,0,58,0,0,0,0,0,0,5,43,16,9,0,73,0,0,0,0,0,0,0,8,28,79,0,36,23,6,0,0,0,0,5,43,4,59,0,0,45,13,0,0,0,0,3,0,0,0,0,0,80,16,0,0,0,0,0,0,0,0,0,0,59,0,0,0,0,0,0,0,0,0,0,0,0,0,0,0,0,0,12,100,100,100,100,100,100,100,100,100,100,12,4,35,35,35,35,35,35,35,35,35,35,4,0,0,0,0,0,0,0,0,0,0,0,0
0,0,0,0,0,0,0,0,0,0,0,0,0,0,0,0,0,0,0,0,0,0,0,0,0,0,0,0,0,0,0,0,0,0,0,0,11,99,99,99,99,99,99,99,99,99,99,11,4,41,43,43,43,43,43,43,37,36,36,4,0,63,44,44,49,51,51,51,18,58,0,0,5,33,6,7,39,51,51,51,44,83,4,0,0,0,43,51,44,44,44,44,8,47,35,0,0,0,3,72,4,9,41,0,36,44,44,5,0,0,0,51,0,10,66,4,0,0,0,0,0,7,7,54,7,9,18,7,7,7,7,0,1,12,12,12,12,12,12,12,12,12,12,1
0,0,0,0,0,0,0,0,0,0,0,0,0,0,0,0,0,0,0,0,0,0,0,0,0,0,0,0,0,0,0,0,0,0,0,0,12,100,100,100,100,100,100,100,100,100,100,12,4,35,35,39,43,41,35,35,35,35,35,4,0,33,0,24,43,63,8,8,8,8,8,0,0,73,3,8,8,35,43,72,43,43,43,5,0,73,24,43,43,15,0,51,0,0,0,0,0,32,31,23,0,8,18,51,0,0,0,0,0,0,84,54,0,15,53,26,0,0,0,0,0,0,75,0,0,0,0,0,0,0,0,0,0,0,8,0,0,0,0,0,0,0,0,0
0,0,4,7,7,1,0,0,0,0,0,0,3,0,30,51,51,13,57,0,0,0,0,0,2,12,16,44,44,44,79,0,0,0,0,0,0,30,21,0,7,7,17,7,7,7,7,0,0,34,26,10,51,51,51,50,44,44,44,5,5,44,44,44,44,44,44,40,0,0,0,0,11,99,99,99,99,99,99,99,99,99,99,11,4,36,36,44,43,43,43,43,43,43,43,5,0,0,0,78,44,44,44,44,44,44,44,5,0,0,0,59,0,0,0,0,0,0,0,0,0,7,7,7,7,7,7,7,7,7,7,0,1,12,12,12,12,12,12,12,12,12,12,1
0,0,0,0,0,0,0,9,8,8,8,0,0,58,0,0,0,0,0,78,43,43,43,5,0,74,0,0,0,0,0,59,0,0,0,0,5,37,4,8,8,8,8,8,8,8,8,0,0,0,25,43,43,43,43,43,43,43,43,5,0,0,0,0,0,0,0,0,0,0,0,0,12,100,100,100,100,100,100,100,100,100,100,12,4,35,35,35,35,35,35,35,35,35,35,4,0,0,0,0,0,0,0,0,0,0,0,0,0,0,0,0,0,0,58,0,0,0,0,0,0,8,8,8,8,8,74,0,0,0,0,0,1,12,12,12,12,12,10,0,0,0,0,0
0,0,0,0,0,0,9,0,2,8,7,0,0,0,0,0,0,30,51,16,23,51,38,0,0,0,58,0,1,51,0,30,47,51,51,6,0,0,74,8,23,51,0,0,10,66,43,5,0,8,44,51,51,29,8,8,17,41,0,0,5,43,43,43,43,43,43,43,43,17,0,0,12,100,100,100,100,100,100,100,100,100,100,12,4,35,35,35,35,35,35,35,35,35,35,4,0,0,0,0,0,0,0,0,0,0,0,0,0,8,8,8,8,8,8,8,8,8,8,0,5,43,43,43,43,43,43,43,43,43,43,5,0,0,0,0,0,0,0,0,0,0,0,0
0,0,0,0,0,0,0,0,0,0,0,0,0,0,0,0,0,0,0,0,0,0,0,0,0,0,0,0,0,0,0,0,0,0,0,0,11,99,99,99,99,99,99,99,99,99,99,11,5,41,36,36,36,36,36,36,36,36,36,4,5,61,0,0,0,0,0,0,0,1,7,0,0,51,0,0,0,0,0,0,0,11,44,5,0,52,7,7,13,2,0,0,0,0,0,0,0,36,44,44,66,11,0,0,0,11,17,0,5,26,57,0,38,10,0,0,0,25,35,0,0,14,79,0,0,0,0,0,0,43,49,5,0,0,8,0,0,0,0,0,0,0,0,0
0,0,0,0,0,0,0,0,0,0,0,0,0,7,7,7,7,7,7,7,7,7,7,0,5,44,44,44,44,44,44,44,44,44,44,5,11,99,99,99,99,99,99,99,99,99,99,11,5,43,43,43,43,43,43,43,43,43,43,5,5,44,44,45,51,51,45,49,51,51,51,6,0,0,0,11,44,60,21,61,44,44,44,5,0,0,0,0,29,30,21,65,0,0,6,0,0,7,7,7,53,28,19,76,0,0,38,5,5,44,44,44,48,0,0,46,0,0,0,0,0,0,0,4,7,7,7,1,0,0,0,0,0,0,0,7,12,12,12,1,0,0,0,0
0,0,0,0,0,0,0,6,0,0,10,0,0,8,0,0,58,8,6,39,17,12,72,5,5,43,4,0,78,43,33,0,30,21,47,0,0,0,58,8,21,7,58,8,35,21,0,0,0,0,78,43,46,18,78,43,43,9,0,0,0,0,10,0,0,0,10,0,0,0,0,0,12,100,100,100,100,100,100,100,100,100,100,12,4,35,35,35,35,35,35,35,35,35,35,4,0,0,0,0,0,0,0,0,0,0,0,0,0,8,8,8,8,8,8,8,8,8,8,0,5,43,49,51,51,51,51,51,51,51,51,6,0,0,10,12,12,12,12,12,12,12,12,1
0,0,0,0,0,0,0,0,0,0,8,0,0,0,0,0,0,0,0,0,0,0,51,0,0,0,0,0,0,0,0,0,0,0,0,0,12,100,100,100,100,100,100,100,100,100,100,12,5,43,43,43,43,43,43,43,43,38,35,4,6,51,51,44,51,51,48,43,68,45,8,0,5,43,43,7,43,43,30,0,18,43,50,6,0,8,8,8,4,0,0,23,11,0,68,5,5,51,51,51,31,9,0,57,74,0,51,0,3,43,43,43,43,79,0,24,79,0,21,0,0,8,7,0,0,59,0,0,10,10,8,0,1,12,11,0,0,0,0,0,0,10,12,1
0,0,0,6,8,5,0,5,8,8,8,0,0,0,0,78,52,68,0,31,50,49,43,5,0,0,0,73,13,52,0,0,88,32,0,0,0,0,0,10,0,0,0,0,65,0,0,0,0,0,0,0,0,0,0,0,9,8,8,0,0,0,0,0,0,0,0,0,39,43,43,5,12,100,100,100,100,100,100,100,100,100,100,12,4,35,35,35,35,35,35,35,35,35,35,4,0,0,0,0,0,0,0,0,0,0,0,0,0,8,8,8,8,8,8,8,58,0,0,0,5,43,43,43,43,43,43,43,79,0,0,0,0,0,0,0,0,0,0,0,8,0,0,0
0,0,0,0,0,0,0,0,0,0,0,0,0,0,0,0,0,0,0,0,0,0,0,0,0,0,0,0,0,0,0,0,0,0,0,0,12,100,100,100,100,100,100,100,100,100,100,12,4,35,35,35,35,43,43,43,40,35,35,4,0,0,0,0,3,43,43,43,59,0,0,0,0,0,9,8,8,14,2,0,39,0,0,0,0,0,78,43,43,65,11,50,9,0,0,0,0,0,59,0,0,37,14,72,79,0,0,0,0,0,0,0,0,0,0,13,59,0,0,0,0,8,8,8,8,8,8,8,8,8,8,0,1,12,12,12,12,12,12,12,12,12,12,1
0,0,0,5,9,0,0,0,0,6,0,0,0,8,8,26,51,12,8,14,13,39,13,0,6,51,51,46,43,49,51,50,24,0,59,12,5,43,43,19,0,78,43,8,0,0,48,1,0,0,0,0,0,73,0,0,0,0,0,0,0,0,0,0,0,10,0,0,0,0,0,0,12,100,100,100,100,100,100,100,100,100,100,12,4,35,35,35,35,35,35,35,35,35,35,4,0,8,8,8,8,8,8,8,8,8,8,0,5,43,47,51,47,43,43,43,43,43,43,6,0,0,24,73,34,8,8,8,8,8,11,6,0,0,0,8,12,12,12,12,12,12,12,1
0,0,0,0,0,0,0,0,0,0,0,0,0,0,0,0,0,0,0,0,0,0,0,0,0,0,0,0,0,0,0,0,0,0,0,0,12,100,100,100,100,100,100,100,100,100,100,12,4,35,35,35,35,35,35,35,35,35,35,4,0,8,9,0,0,2,8,0,0,0,0,0,5,52,88,0,0,29,55,4,0,0,0,0,7,17,77,0,30,29,22,0,12,8,8,0,12,14,28,0,51,27,29,40,37,43,43,5,7,1,0,6,54,7,13,80,51,34,0,0,0,4,8,45,51,48,11,16,0,0,0,0,0,7,12,12,12,12,12,2,0,0,0,0
68,68,68,68,68,68,68,68,68,68,68,68,0,0,0,0,0,0,0,11,59,51,51,51,0,0,0,0,0,0,0,15,36,0,0,0,0,0,0,0,0,0,5,17,36,13,42,0,0,0,0,0,0,0,62,24,3,51,53,51,0,0,0,0,10,51,66,28,59,55,17,0,51,51,51,51,51,51,51,54,27,0,0,0,0,0,0,0,0,0,0,0,0,0,0,0,67,67,67,67,67,67,67,67,67,67,67,67,68,68,68,68,68,68,68,68,68,68,68,68,0,0,0,0,0,0,0,0,0,0,0,0,0,0,0,0,0,0,0,0,0,0,0,0
68,68,68,68,68,68,68,68,68,68,68,68,0,0,0,0,0,0,0,0,0,0,0,0,0,0,0,0,0,0,0,0,0,0,0,0,0,13,51,53,51,19,0,0,0,0,0,0,0,0,0,0,0,0,0,0,0,0,0,0,0,0,0,0,10,51,57,51,51,51,51,37,51,51,51,51,51,51,51,51,51,51,51,51,0,0,0,0,0,0,0,0,0,0,0,0,67,67,67,67,67,67,67,67,67,67,67,67,68,68,68,68,68,68,68,68,68,68,68,68,0,0,0,0,0,0,0,0,0,0,0,0,0,0,0,0,0,0,0,0,0,0,0,0
0,0,0,0,0,0,0,0,0,0,0,0,67,67,67,67,67,67,67,67,67,67,67,67,68,68,68,68,68,68,68,68,68,68,68,68,51,51,51,51,51,51,14,0,0,0,0,0,0,0,0,0,0,0,0,0,0,2,51,51,51,51,51,51,51,51,51,51,55,64,51,51,12,64,51,8,12,64,51,12,17,56,0,0,17,56,0,0,17,56,0,0,8,26,0,0,8,26,0,0,8,26,0,0,0,0,20,51,0,0,0,0,0,0,0,0,0,0,0,0,67,67,67,67,67,67,67,67,67,67,67,67,68,68,68,68,68,68,68,68,68,68,68,68
0,0,0,0,0,0,0,0,0,0,0,0,67,67,67,67,67,67,67,67,67,67,67,67,68,68,68,68,68,68,68,68,68,68,68,68,0,0,0,0,0,0,0,0,0,36,52,51,0,0,0,0,0,0,0,0,4,43,8,0,51,51,51,51,51,51,51,51,64,43,8,0,0,0,0,0,9,51,57,35,5,41,15,3,0,0,0,0,0,0,6,24,0,0,13,69,0,0,0,0,0,0,0,0,0,0,1,3,0,0,0,0,0,0,0,0,0,0,0,0,67,67,67,67,67,67,67,67,67,67,67,67,68,68,68,68,68,68,68,68,68,68,68,68
51,51,51,51,51,51,51,51,51,51,51,51,67,67,67,67,67,67,67,67,67,67,67,67,68,68,68,68,68,68,68,68,68,68,68,68,0,18,51,51,51,51,51,51,51,51,33,0,51,51,51,51,36,0,0,0,4,0,3,1,51,54,44,2,63,51,51,51,52,13,38,57,27,14,59,0,10,65,63,28,5,51,3,1,59,6,28,0,14,59,13,17,0,56,51,50,27,0,0,0,6,28,0,0,0,0,0,21,51,51,51,51,51,51,51,51,51,51,51,51,67,67,67,67,67,67,67,67,67,67,67,67,68,68,68,68,68,68,68,68,68,68,68,68
67,67,67,67,67,67,67,67,67,67,67,67,68,68,68,68,68,68,68,68,68,68,68,68,0,0,0,0,0,0,0,0,0,0,0,0,0,0,0,0,7,26,0,0,0,0,19,51,0,0,0,0,16,57,0,0,0,0,0,0,51,51,51,9,12,65,51,12,0,0,0,0,51,51,51,51,51,51,51,51,51,51,51,51,0,0,0,0,0,0,0,0,0,2,51,51,0,0,0,0,45,51,51,51,51,51,51,51,67,67,67,67,67,67,67,67,67,67,67,67,68,68,68,68,68,68,68,68,68,68,68,68,0,0,0,0,0,0,0,0,0,0,0,0
0,15,58,51,51,51,15,0,0,0,0,0,51,51,51,51,51,51,51,51,51,51,51,51,67,67,67,67,67,67,67,67,67,67,67,67,68,68,68,68,68,68,68,68,68,68,68,68,0,0,0,0,0,0,0,0,0,0,0,0,0,0,0,35,51,56,51,8,0,0,0,0,51,51,51,51,51,51,51,51,51,51,51,51,0,16,51,51,24,0,0,0,0,0,0,0,0,0,0,0,0,0,0,0,0,0,0,0,0,0,0,0,0,0,0,0,0,0,0,0,0,0,0,0,0,0,0,0,0,0,0,0,67,67,67,67,67,67,67,67,67,67,67,67
0,0,0,0,0,0,0,0,0,0,0,0,0,0,0,0,0,0,0,0,0,0,0,0,67,67,67,67,67,67,67,67,67,67,67,67,68,68,68,68,68,68,68,68,68,68,68,68,0,0,0,0,0,0,0,0,0,0,0,0,51,51,51,51,51,51,51,51,51,51,51,51,51,29,0,0,14,66,51,12,0,0,0,0,0,30,0,0,19,66,0,0,0,0,0,0,51,55,0,0,1,6,0,0,0,0,0,0,0,30,0,0,0,0,0,0,0,0,0,0,0,0,0,0,0,0,0,0,0,0,0,0,67,67,67,67,67,67,67,67,67,67,67,67
0,0,0,0,0,0,0,0,0,0,0,0,51,51,51,51,51,51,47,0,0,0,0,0,67,67,67,67,67,67,67,67,67,67,67,67,68,68,68,68,68,68,68,68,68,68,68,68,0,0,0,0,0,0,0,0,0,0,0,0,51,51,51,51,51,51,51,51,51,51,51,51,0,0,0,0,12,51,66,14,0,0,0,0,0,0,0,0,0,0,66,19,0,0,0,0,0,0,0,0,0,0,6,1,0,0,0,0,51,51,51,51,51,51,51,51,51,51,51,51,0,0,0,0,0,0,0,0,0,0,0,0,67,67,67,67,67,67,67,67,67,67,67,67
0,0,0,0,0,0,0,0,0,0,0,0,0,0,0,0,0,0,0,0,0,0,0,0,67,67,67,67,67,67,67,67,67,67,67,67,68,68,68,68,68,68,68,68,68,68,68,68,0,0,0,0,0,0,0,0,0,0,0,0,51,51,51,51,51,51,51,51,51,51,51,51,0,0,0,0,12,51,66,15,0,0,0,0,51,51,51,11,0,0,65,20,0,0,0,0,0,0,0,0,0,0,6,2,0,0,0,0,51,51,51,51,51,51,51,51,51,51,51,51,0,0,0,0,0,0,0,0,0,0,0,0,67,67,67,67,67,67,67,67,67,67,67,67
0,0,0,0,0,0,0,0,0,0,0,0,0,0,0,0,0,0,0,0,0,0,0,0,0,0,0,0,0,0,0,0,0,0,0,0,67,67,67,67,67,67,67,67,67,67,67,67,68,68,68,68,68,68,68,68,68,68,68,68,12,51,51,51,51,51,51,51,51,51,51,51,0,0,0,0,12,51,66,15,0,0,0,33,0,0,0,0,0,0,65,20,0,0,0,83,51,32,0,0,0,0,6,2,0,0,0,54,0,0,0,0,0,0,0,0,43,51,70,7,0,0,0,0,0,0,0,0,0,0,5,0,0,0,0,0,0,0,0,0,0,0,0,0
0,0,0,0,85,51,51,51,51,51,51,12,0,0,0,0,34,0,0,0,0,0,0,0,67,67,67,67,67,67,67,67,67,67,67,67,68,68,68,68,68,68,68,68,68,68,68,68,0,0,0,0,0,0,0,0,0,0,0,0,0,0,0,0,10,51,56,51,33,0,0,0,0,36,51,51,51,51,51,51,51,51,51,12,0,0,0,0,0,0,0,0,0,4,0,33,0,0,0,0,0,0,0,0,0,51,0,0,0,0,0,0,0,0,0,0,0,59,51,51,0,0,0,0,0,0,0,0,0,0,0,0,67,67,67,67,67,67,67,67,67,67,67,67
68,68,68,68,68,68,68,68,68,68,68,68,0,0,0,0,0,0,0,0,0,0,0,0,0,51,51,51,51,51,51,51,51,51,51,51,0,0,0,27,1,0,24,9,0,0,0,0,0,46,51,74,6,0,52,20,0,0,0,0,0,0,0,28,13,51,64,15,0,0,11,51,0,0,51,51,51,51,51,51,51,51,51,51,0,0,0,0,0,0,0,0,0,0,0,0,67,67,67,67,67,67,67,67,67,67,67,67,68,68,68,68,68,68,68,68,68,68,68,68,0,0,0,0,0,0,0,0,0,0,0,0,0,0,0,0,0,0,0,0,0,0,0,0
0,0,0,0,0,0,0,0,0,0,0,0,0,0,0,0,0,0,0,0,0,0,0,0,67,67,67,67,67,67,67,67,67,67,67,67,68,68,68,68,68,68,68,68,68,68,68,68,0,0,0,0,0,0,0,0,0,0,0,0,0,0,0,47,51,51,51,51,51,51,51,51,51,51,51,54,10,51,65,16,9,51,64,0,0,0,0,0,0,4,62,28,42,0,74,0,0,0,0,0,0,51,6,17,92,0,35,0,0,0,0,0,0,51,0,7,43,0,0,0,0,0,27,51,51,63,51,51,51,51,51,51,67,67,67,67,67,67,67,67,67,67,67,67
0,0,0,0,0,0,0,0,0,0,0,0,0,0,0,0,0,0,0,0,0,0,0,0,67,67,67,67,67,67,67,67,67,67,67,67,68,68,68,68,68,68,68,68,68,68,68,68,0,0,0,0,0,0,0,0,0,0,0,0,51,51,51,51,51,51,51,51,51,51,22,0,51,51,51,67,71,55,51,13,51,51,51,51,0,0,0,0,0,0,0,0,0,37,51,51,0,0,20,51,51,51,51,51,51,51,51,51,51,51,51,51,51,51,51,51,51,51,51,5,51,51,51,51,51,51,51,51,51,22,0,0,67,67,67,67,67,67,67,67,67,67,67,67
67,67,67,67,67,67,67,67,67,67,67,67,68,68,68,68,68,68,68,68,68,68,68,68,0,0,0,0,0,0,0,0,0,0,0,0,0,0,0,0,1,5,0,0,0,0,0,0,0,0,0,0,19,66,0,0,0,0,0,0,51,51,51,49,14,67,51,12,0,0,0,0,0,0,0,52,51,51,51,51,51,51,51,51,51,51,51,11,0,0,0,0,0,0,0,0,0,0,0,0,0,0,0,0,0,0,0,0,67,67,67,67,67,67,67,67,67,67,67,67,68,68,68,68,68,68,68,68,68,68,68,68,0,0,0,0,0,0,0,0,0,0,0,0
0,0,0,0,0,0,0,0,0,0,0,0,0,0,0,0,0,0,0,0,0,0,0,0,67,67,67,67,67,67,67,67,67,67,67,67,68,68,68,68,68,68,68,68,68,68,68,68,0,0,0,0,0,0,30,53,51,51,51,51,0,0,7,5,2,51,61,8,50,51,41,0,0,0,30,21,24,51,51,51,51,51,51,51,0,41,63,30,0,0,0,0,0,0,0,0,0,0,0,0,0,0,0,0,0,0,0,0,0,0,0,0,0,0,0,0,0,0,0,0,0,0,0,0,0,0,0,0,0,0,0,0,67,67,67,67,67,67,67,67,67,67,67,67
0,0,0,0,0,0,0,0,0,0,0,0,67,67,67,67,67,67,67,67,67,67,67,67,68,68,68,68,68,68,68,68,68,68,68,68,0,0,0,0,0,0,0,0,0,0,0,0,0,0,0,0,42,57,48,0,14,51,51,51,0,0,0,24,65,58,51,51,30,0,0,26,0,0,0,0,9,51,63,16,0,0,0,0,0,0,0,0,0,0,51,22,0,0,0,0,0,0,0,0,0,0,24,10,0,0,0,0,0,0,0,0,0,0,0,0,0,0,0,0,67,67,67,67,67,67,67,67,67,67,67,67,68,68,68,68,68,68,68,68,68,68,68,68
68,68,68,68,68,68,68,68,68,68,68,68,0,0,0,0,0,0,0,0,0,14,63,46,51,51,65,13,0,0,0,21,48,0,51,0,0,0,36,15,0,0,16,26,51,13,51,0,0,0,9,4,0,0,73,22,5,51,51,0,0,0,0,0,12,51,69,15,2,63,13,0,51,51,51,51,51,51,51,51,51,67,51,51,0,0,0,0,0,0,0,0,0,0,0,0,67,67,67,67,67,67,67,67,67,67,67,67,68,68,68,68,68,68,68,68,68,68,68,68,0,0,0,0,0,0,0,0,0,0,0,0,51,51,51,51,51,51,51,51,51,51,51,51
0,0,0,0,0,0,0,0,0,0,0,0,67,67,67,67,67,67,67,67,67,67,67,67,68,68,68,68,68,68,68,68,68,68,68,68,0,0,0,0,0,0,0,0,0,0,0,0,0,0,0,0,0,0,0,0,0,0,0,0,0,38,51,51,51,57,51,9,0,0,0,0,0,0,0,20,51,51,51,51,51,51,51,51,0,0,0,0,0,0,0,0,0,0,0,0,0,0,0,0,0,0,0,0,31,51,51,9,0,0,0,0,0,0,0,0,0,0,0,0,67,67,67,67,67,67,67,67,67,67,67,67,68,68,68,68,68,68,68,68,68,68,68,68
68,68,68,68,68,68,68,68,68,68,68,68,0,0,0,0,0,0,0,0,0,0,0,0,51,55,0,0,0,0,0,30,51,51,58,0,0,58,36,55,47,0,6,1,0,0,51,0,0,51,40,11,0,0,67,18,0,42,5,13,51,54,10,2,13,51,67,15,2,70,51,51,51,51,51,51,51,51,51,60,31,17,0,32,0,0,0,0,0,0,0,2,3,46,51,51,67,67,67,67,67,67,67,67,67,67,67,67,68,68,68,68,68,68,68,68,68,68,68,68,51,51,51,51,51,51,51,51,51,51,51,51,51,51,51,51,51,51,47,0,0,0,0,0
67,67,67,67,67,67,67,67,67,67,67,67,68,68,68,68,68,68,68,68,68,68,68,68,0,0,0,0,0,0,0,0,0,0,0,0,0,0,0,0,0,0,5,1,10,51,51,51,0,0,0,0,0,0,63,24,51,51,51,51,0,0,0,0,11,51,66,28,59,51,51,51,51,51,51,51,51,51,51,55,26,0,0,0,0,0,0,0,0,0,0,0,0,0,0,0,0,0,0,0,0,0,0,0,0,0,0,0,67,67,67,67,67,67,67,67,67,67,67,67,68,68,68,68,68,68,68,68,68,68,68,68,0,0,0,0,0,0,0,0,0,0,0,0
51,51,51,49,0,0,0,0,0,0,0,0,0,0,0,0,0,0,0,0,0,0,0,0,67,67,67,67,67,67,67,67,67,67,67,67,68,68,68,68,68,68,68,68,68,68,68,68,0,0,0,0,0,0,0,0,0,0,0,0,0,0,0,0,8,51,57,51,51,9,0,5,51,51,51,51,51,51,51,51,51,51,51,51,0,0,0,0,0,0,0,0,0,0,0,0,0,0,0,0,0,0,0,0,1,51,51,39,0,0,0,0,0,0,0,0,0,0,0,0,51,51,51,51,51,51,51,51,51,51,51,51,67,67,67,67,67,67,67,67,67,67,67,67
68,68,68,68,68,68,68,68,68,68,68,68,0,0,0,0,0,0,0,0,0,0,0,0,0,0,0,0,0,4,0,8,40,0,0,0,51,51,51,51,51,61,5,20,88,0,0,0,0,0,0,0,0,5,66,27,41,0,0,0,51,51,31,0,12,51,67,28,58,48,0,0,51,51,51,51,51,51,51,55,24,0,0,0,0,0,0,0,0,0,0,0,0,0,0,0,67,67,67,67,67,67,67,67,67,67,67,67,68,68,68,68,68,68,68,68,68,68,68,68,0,0,0,0,0,0,0,0,0,0,0,0,0,0,0,0,0,0,0,0,0,0,0,0
0,0,0,0,0,0,0,16,57,0,0,0,0,0,0,0,0,0,0,12,67,51,51,51,67,67,67,67,67,67,67,67,67,67,67,67,68,68,68,68,68,68,68,68,68,68,68,68,0,0,0,0,0,0,0,0,0,0,0,0,51,51,51,51,51,51,51,51,51,63,51,51,0,0,0,0,12,64,64,17,13,51,10,2,0,0,0,0,16,57,58,27,51,51,40,11,0,0,0,0,7,27,35,31,56,13,37,55,51,51,51,51,51,51,51,58,57,0,0,0,0,0,0,0,0,0,0,7,26,0,0,0,67,67,67,67,67,67,67,67,67,67,67,67
68,68,68,68,68,68,68,68,68,68,68,68,0,0,0,0,0,0,0,0,0,0,0,0,0,0,0,0,0,0,0,0,0,0,0,0,0,0,0,0,0,0,0,0,0,0,0,40,0,0,0,0,0,0,0,0,0,0,0,0,51,51,51,51,51,51,51,51,51,51,51,51,0,0,0,0,13,62,62,14,0,0,0,0,0,0,0,0,0,0,0,0,0,0,0,0,67,67,67,67,67,67,67,67,67,67,67,67,68,68,68,68,68,68,68,68,68,68,68,68,0,0,0,0,0,0,0,0,0,0,0,0,51,51,51,51,51,51,51,51,51,51,51,51
68,68,68,68,68,68,68,68,68,68,68,68,51,51,51,51,51,51,51,51,51,51,51,51,51,51,51,51,51,51,51,51,51,51,47,0,0,0,0,0,0,0,6,7,23,0,0,0,51,51,51,51,15,0,69,32,70,50,0,0,0,0,0,0,10,51,68,18,24,0,0,0,51,51,51,51,51,51,51,51,51,47,0,0,0,0,0,0,0,0,0,0,0,0,0,0,67,67,67,67,67,67,67,67,67,67,67,67,68,68,68,68,68,68,68,68,68,68,68,68,0,0,0,0,0,0,0,0,0,0,0,0,0,0,0,0,0,0,0,0,0,0,0,0
0,0,0,0,0,0,0,0,0,0,0,0,67,67,67,67,67,67,67,67,67,67,67,67,68,68,68,68,68,68,68,68,68,68,68,68,0,0,0,0,0,0,0,0,0,0,0,0,0,0,0,0,0,0,6,23,0,0,0,0,0,0,0,0,9,51,57,35,4,30,51,51,51,51,51,51,51,51,51,51,75,51,51,51,0,0,0,0,0,0,0,0,5,0,0,0,0,9,51,51,54,54,47,0,0,0,0,0,0,0,0,0,0,0,0,0,0,0,0,0,67,67,67,67,67,67,67,67,67,67,67,67,68,68,68,68,68,68,68,68,68,68,68,68
68,68,68,68,68,68,68,68,68,68,68,68,0,0,0,0,0,0,0,0,0,0,0,0,49,51,51,51,51,51,51,0,0,0,11,9,51,0,0,0,0,0,0,0,0,0,28,25,13,0,0,0,0,0,17,60,48,0,22,57,51,51,51,51,51,51,57,33,0,0,0,0,0,0,0,0,9,51,57,51,51,23,0,0,0,0,0,0,0,0,0,0,0,0,0,0,67,67,67,67,67,67,67,67,67,67,67,67,68,68,68,68,68,68,68,68,68,68,68,68,0,0,0,0,0,0,0,0,0,0,0,0,0,0,0,0,0,0,0,0,0,0,0,0
68,68,68,68,68,68,68,68,68,68,68,68,0,0,0,0,0,0,0,0,0,0,0,0,0,0,0,0,0,0,0,0,0,0,0,0,51,51,51,16,0,0,0,0,0,0,0,0,0,0,0,0,0,0,0,0,0,0,0,0,0,51,51,51,51,51,51,51,51,51,51,51,0,0,0,29,51,57,51,9,0,0,0,0,0,0,0,0,0,0,0,0,0,0,0,0,67,67,67,67,67,67,67,67,67,67,67,67,68,68,68,68,68,68,68,68,68,68,68,68,0,0,0,0,0,0,0,0,0,0,0,0,0,0,0,0,0,0,0,0,0,0,0,0
0,0,0,0,0,0,0,0,0,0,0,0,67,67,67,67,67,67,67,67,67,67,67,67,68,68,68,68,68,68,68,68,68,68,68,68,0,0,0,0,0,0,0,0,0,0,0,0,0,0,0,0,0,0,0,0,0,0,0,0,0,0,0,39,51,51,51,51,51,51,51,37,0,0,0,51,9,68,51,12,0,0,0,0,38,0,0,51,12,73,0,0,0,0,0,0,51,51,51,62,1,7,0,0,0,0,0,0,0,0,0,0,0,0,0,0,0,0,0,0,67,67,67,67,67,67,67,67,67,67,67,67,68,68,68,68,68,68,68,68,68,68,68,68
67,67,67,67,67,67,67,67,67,67,67,67,68,68,68,68,68,68,68,68,68,68,68,68,51,51,51,51,51,51,51,51,51,51,0,0,0,0,0,0,0,0,5,1,0,50,51,51,0,0,0,0,0,0,66,19,0,0,47,51,0,0,0,0,12,51,67,28,58,48,0,0,51,51,51,51,51,51,51,55,24,0,0,0,0,0,0,0,0,0,0,0,0,0,0,0,0,0,0,0,0,0,0,0,0,0,0,0,67,67,67,67,67,67,67,67,67,67,67,67,68,68,68,68,68,68,68,68,68,68,68,68,0,0,0,0,0,0,0,0,0,0,0,0
67,67,67,67,67,67,67,67,67,67,67,67,68,68,68,68,68,68,68,68,68,68,68,68,0,0,0,0,0,0,0,0,0,0,0,0,0,0,0,0,7,26,0,0,0,0,19,51,9,51,51,32,16,57,0,0,0,0,0,0,0,0,0,0,12,65,51,12,0,0,0,0,51,51,51,51,51,51,51,51,51,32,0,0,0,0,0,0,0,0,0,0,0,2,51,51,0,0,0,0,0,0,0,0,0,0,0,0,67,67,67,67,67,67,67,67,67,67,67,67,68,68,68,68,68,68,68,68,68,68,68,68,0,0,0,0,0,0,0,0,0,0,0,0
68,68,68,68,68,68,68,68,68,68,68,68,0,0,0,0,0,0,0,0,0,0,0,0,0,0,0,0,0,0,0,0,0,0,0,0,51,51,51,51,55,25,0,0,0,0,0,0,0,0,0,0,17,34,0,0,8,51,51,51,0,0,0,0,12,59,51,13,34,51,51,51,0,0,0,1,51,51,51,51,51,51,51,51,0,0,0,0,0,0,0,0,0,0,0,0,67,67,67,67,67,67,67,67,67,67,67,67,68,68,68,68,68,68,68,68,68,68,68,68,0,0,0,0,0,0,0,0,0,0,0,0,0,0,0,0,0,0,0,0,0,0,0,0
68,68,68,68,68,68,68,68,68,68,68,68,51,51,51,51,51,51,51,51,51,51,51,51,0,0,0,0,0,0,0,0,0,0,0,0,0,0,0,0,0,0,0,0,0,0,0,0,0,0,0,36,55,36,0,0,0,0,0,0,0,0,0,0,15,63,51,11,0,0,0,0,51,51,51,51,51,51,51,51,51,51,51,51,0,0,0,0,0,0,0,0,0,0,0,0,67,67,67,67,67,67,67,67,67,67,67,67,68,68,68,68,68,68,68,68,68,68,68,68,0,0,0,0,0,0,0,0,0,0,0,0,51,51,51,51,51,51,51,51,51,51,51,51
68,68,68,68,68,68,68,68,68,68,68,68,51,51,51,60,15,0,0,0,0,0,0,0,0,0,0,38,13,0,0,0,0,0,0,0,51,35,17,38,15,5,25,8,3,4,0,0,51,51,67,3,26,60,54,19,35,50,0,0,0,0,51,0,19,66,64,14,26,63,51,51,0,0,47,51,51,51,51,51,51,51,51,51,0,0,0,0,0,0,0,0,0,0,0,0,67,67,67,67,67,67,67,67,67,67,67,67,68,68,68,68,68,68,68,68,68,68,68,68,0,0,0,0,0,0,0,0,0,0,0,0,51,51,51,51,51,51,51,51,51,51,51,51
0,0,0,0,0,0,0,0,0,0,0,0,0,0,0,0,0,0,0,0,0,0,0,0,67,67,67,67,67,67,67,67,67,67,67,67,68,68,68,68,68,68,68,68,68,68,68,68,0,0,0,0,0,0,0,0,0,0,0,0,16,0,0,31,51,59,51,8,0,0,0,0,35,0,45,51,51,51,51,51,51,51,51,51,32,4,0,0,0,0,0,0,0,0,0,0,0,51,15,51,51,26,0,0,0,0,0,0,51,63,43,0,0,0,0,0,0,0,0,0,0,0,0,0,0,0,0,0,0,0,0,0,67,67,67,67,67,67,67,67,67,67,67,67
0,0,0,0,0,0,0,0,0,0,0,0,67,67,67,67,67,67,67,67,67,67,67,67,68,68,68,68,68,68,68,68,68,68,68,68,0,0,0,0,0,0,0,0,0,0,0,0,0,0,0,4,0,0,0,0,0,0,0,0,39,39,13,48,52,51,51,51,51,51,51,51,43,43,51,4,22,67,63,14,0,0,0,0,61,32,51,0,13,17,54,19,0,0,0,0,0,47,63,12,0,0,25,9,0,0,0,0,0,0,0,0,0,0,0,0,0,0,0,0,67,67,67,67,67,67,67,67,67,67,67,67,68,68,68,68,68,68,68,68,68,68,68,68
67,67,67,67,67,67,67,67,67,67,67,67,68,68,68,68,68,68,68,68,68,68,68,68,0,0,0,0,0,0,0,0,0,0,0,0,0,0,0,0,10,23,0,0,0,0,0,0,52,51,6,0,22,55,0,0,0,0,4,12,0,0,0,0,16,65,51,23,59,51,73,0,51,51,51,51,51,51,51,55,26,0,5,0,0,0,0,0,0,0,0,0,0,0,0,0,0,0,0,0,0,0,0,0,0,0,0,0,67,67,67,67,67,67,67,67,67,67,67,67,68,68,68,68,68,68,68,68,68,68,68,68,0,0,0,0,0,0,0,0,0,0,0,0
0,0,0,0,0,0,0,0,0,0,0,0,67,67,67,67,67,67,67,67,67,67,67,67,68,68,68,68,68,68,68,68,68,68,68,68,0,0,0,0,0,0,0,0,0,0,0,0,0,0,0,0,0,0,49,51,27,0,0,0,0,0,0,0,9,51,67,1,0,0,0,0,51,51,51,51,51,51,51,15,0,26,51,51,0,0,0,0,0,0,0,0,0,0,0,0,0,0,0,0,0,0,0,0,0,0,0,0,0,0,0,0,0,0,0,0,0,0,0,0,67,67,67,67,67,67,67,67,67,67,67,67,68,68,68,68,68,68,68,68,68,68,68,68
68,68,68,68,68,68,68,68,68,68,68,68,51,51,51,51,51,51,51,51,51,51,51,51,39,51,51,2,0,0,0,0,0,0,0,0,51,51,51,51,51,51,51,51,51,51,51,51,38,0,0,32,56,41,0,0,0,0,0,0,0,0,0,0,15,64,51,11,0,0,0,0,52,51,51,51,51,51,51,51,51,51,51,51,0,0,0,0,0,0,0,0,0,0,0,0,67,67,67,67,67,67,67,67,67,67,67,67,68,68,68,68,68,68,68,68,68,68,68,68,51,51,51,51,51,28,0,0,0,0,0,0,0,7,0,0,0,0,0,0,0,0,0,0
0,0,0,0,0,0,0,0,0,0,0,0,51,51,51,51,51,51,51,51,51,51,51,51,67,67,67,67,67,67,67,67,67,67,67,67,68,68,68,68,68,68,68,68,68,68,68,68,0,0,0,0,0,0,0,0,0,0,0,0,51,51,51,51,51,51,51,51,51,56,22,0,0,0,0,0,8,51,66,37,0,21,30,0,0,0,0,0,0,0,50,64,4,2,8,58,0,0,0,0,0,0,0,28,51,0,5,68,0,0,0,0,0,0,0,0,51,0,0,9,51,51,51,51,51,51,51,51,63,0,0,0,67,67,67,67,67,67,67,67,67,67,67,67
0,0,0,0,0,0,0,0,0,0,0,0,67,67,67,67,67,67,67,67,67,67,67,67,68,68,68,68,68,68,68,68,68,68,68,68,0,0,0,0,0,0,0,0,0,0,0,0,9,0,45,51,67,57,12,0,0,0,0,0,35,0,0,30,51,51,51,51,36,0,0,0,47,0,0,0,16,63,51,11,63,51,51,51,0,0,0,0,22,51,0,0,0,0,0,0,0,0,0,0,10,24,0,0,0,0,0,0,0,0,0,0,0,0,0,0,0,0,0,0,67,67,67,67,67,67,67,67,67,67,67,67,68,68,68,68,68,68,68,68,68,68,68,68
67,67,67,67,67,67,67,67,67,67,67,67,68,68,68,68,68,68,68,68,68,68,68,68,51,39,0,0,0,0,0,0,0,0,0,0,0,0,0,0,7,27,0,0,0,0,0,0,0,0,0,0,15,58,0,0,28,51,51,18,0,0,0,36,11,65,51,14,0,0,0,0,0,0,0,81,51,51,51,51,38,0,0,0,0,0,0,31,0,0,0,0,0,0,0,0,51,51,51,51,51,51,51,51,51,51,51,51,67,67,67,67,67,67,67,67,67,67,67,67,68,68,68,68,68,68,68,68,68,68,68,68,0,0,0,0,0,0,0,0,0,0,0,0
0,0,0,0,0,0,0,0,0,0,0,0,0,0,0,0,0,0,0,0,0,0,0,0,67,67,67,67,67,67,67,67,67,67,67,67,68,68,68,68,68,68,68,68,68,68,68,68,0,0,0,0,0,0,0,0,0,0,0,0,26,7,0,33,51,56,51,11,0,0,0,0,57,58,51,51,51,51,51,51,51,51,51,51,26,7,0,0,0,0,0,0,0,0,0,0,51,51,51,51,51,51,28,0,0,0,0,0,51,19,0,0,0,0,0,0,0,0,0,0,0,0,0,0,0,0,0,0,0,0,0,0,67,67,67,67,67,67,67,67,67,67,67,67
0,0,0,0,0,3,76,76,76,76,76,76,0,0,0,0,0,2,59,59,59,59,59,59,0,0,0,0,0,0,0,0,0,0,0,73,0,0,0,0,0,0,0,0,0,0,0,73,0,0,0,0,0,1,2,0,0,0,0,3,0,0,0,0,0,5,6,0,0,0,0,0,0,0,0,0,0,4,52,51,51,51,51,51,0,0,0,0,0,1,29,62,51,51,51,51,0,0,0,0,0,1,31,11,0,0,0,0,0,0,0,0,0,3,76,76,76,76,76,76,0,0,0,0,0,2,59,59,59,59,59,59,0,0,0,0,0,0,0,0,0,45,51,51
0,0,0,0,0,0,0,0,0,0,0,0,0,0,0,0,0,2,57,57,57,57,57,57,0,0,0,0,0,3,78,78,78,78,78,78,0,0,0,0,0,0,0,0,0,0,0,0,0,0,0,0,0,0,0,0,0,0,0,0,0,0,0,0,0,4,52,11,0,0,0,0,0,0,0,0,0,5,6,0,0,0,0,0,0,0,0,0,0,1,2,0,0,0,0,0,0,0,0,0,0,2,51,44,0,0,0,0,0,0,0,0,0,0,0,0,0,0,0,0,0,0,0,0,0,2,57,57,57,57,57,57,0,0,0,0,0,3,78,78,78,78,78,78
0,0,0,0,0,3,76,76,76,76,76,76,0,0,0,0,0,2,59,59,59,59,59,59,0,0,0,0,0,2,2,0,0,0,0,0,0,0,0,0,0,0,0,0,0,0,0,0,0,0,0,0,0,1,2,0,0,0,0,0,0,0,0,0,0,5,6,0,0,0,0,0,0,0,0,0,0,4,52,51,51,51,51,51,0,0,0,0,0,0,0,0,0,0,0,0,0,0,0,0,0,0,15,54,51,51,2,0,0,0,0,0,0,3,76,76,76,76,76,76,0,0,0,0,0,2,59,59,59,59,59,59,0,0,0,0,0,0,0,0,0,0,0,0
0,0,0,0,0,2,59,59,59,59,59,59,0,0,0,0,0,0,0,0,0,0,0,0,0,0,0,0,0,0,0,63,42,17,0,0,0,0,0,0,0,0,32,61,28,51,0,0,0,0,0,0,0,1,2,0,7,77,10,0,0,0,0,0,0,5,6,0,0,36,53,51,0,0,0,0,0,4,52,51,51,51,51,51,0,0,0,0,0,0,0,0,0,0,0,0,0,0,0,0,0,3,76,76,76,76,76,76,0,0,0,0,0,2,59,59,59,59,59,59,0,0,0,0,0,0,0,0,0,0,0,0,0,0,0,0,0,0,0,0,0,0,0,0
0,0,0,0,0,2,59,59,59,59,59,59,0,0,0,0,0,0,0,0,0,0,0,0,0,0,0,0,0,2,55,30,0,0,0,0,0,0,0,0,0,1,17,36,17,53,51,51,0,0,0,0,0,5,21,36,51,51,0,0,0,0,0,0,0,5,8,6,51,9,0,0,0,0,0,0,0,5,6,0,51,51,51,51,0,0,0,0,0,3,51,51,51,51,51,51,0,0,0,0,0,3,76,76,76,76,76,76,0,0,0,0,0,2,59,59,59,59,59,59,0,0,0,0,0,0,0,0,0,0,0,0,0,0,0,0,0,0,0,0,0,0,0,0
0,0,0,0,0,0,0,0,0,0,0,0,0,0,0,0,0,3,76,76,76,76,76,76,0,0,0,0,0,2,59,59,59,59,59,59,0,0,0,0,0,0,0,0,0,0,0,0,0,0,0,0,0,1,2,0,0,0,0,0,0,0,0,0,0,5,6,0,0,0,0,0,0,0,0,0,0,4,52,51,51,51,44,0,0,0,0,0,0,0,0,0,0,0,0,0,0,0,0,0,0,0,0,0,0,0,0,0,0,0,0,0,0,0,0,0,0,0,0,0,0,0,0,0,0,3,76,76,76,76,76,76,0,0,0,0,0,2,59,59,59,59,59,59
0,0,0,0,0,3,76,76,76,76,76,76,0,0,0,0,0,2,59,59,59,59,59,59,0,0,0,0,0,0,0,0,0,0,0,0,0,0,0,0,0,0,0,0,0,0,0,0,0,0,0,0,0,1,2,0,0,0,0,0,0,0,0,0,0,5,6,0,0,0,0,0,0,0,0,0,0,4,52,28,0,0,0,0,0,0,0,0,0,0,0,0,0,0,0,15,0,0,0,0,0,0,0,0,0,0,0,0,0,0,0,0,0,3,76,76,76,76,76,76,0,0,0,0,0,2,59,59,59,59,59,59,0,0,0,0,0,0,0,0,0,0,0,0
0,0,0,0,0,4,82,82,82,82,82,82,0,0,0,0,0,2,53,53,53,53,53,53,0,0,0,0,0,2,51,51,51,51,51,51,0,0,0,0,0,2,51,51,51,51,51,51,0,0,0,0,0,0,0,0,0,0,0,0,0,0,0,0,0,4,53,51,51,51,3,0,0,0,0,0,0,5,6,0,0,0,0,0,0,0,0,0,0,3,3,0,0,0,0,0,0,0,0,0,0,0,0,0,0,0,0,0,0,0,0,0,0,4,82,82,82,82,82,82,0,0,0,0,0,2,53,53,53,53,53,53,0,0,0,0,0,2,51,51,51,51,51,51
0,0,0,0,0,5,100,100,100,100,100,100,0,0,0,0,0,0,18,18,18,18,18,18,0,0,0,0,0,0,0,16,25,25,7,5,0,0,0,0,0,1,25,41,51,26,7,3,0,0,0,0,0,2,37,26,26,0,0,0,0,0,0,0,0,5,15,0,0,0,0,0,0,0,0,0,0,5,29,25,25,25,25,25,0,0,0,0,0,1,26,26,26,29,51,51,0,0,0,0,0,0,17,17,17,20,43,43,0,0,0,0,0,5,100,100,100,100,100,100,0,0,0,0,0,0,18,18,18,18,18,18,0,0,0,0,0,0,0,0,0,0,0,0
0,0,0,0,0,0,0,0,0,0,0,0,0,0,0,0,0,2,57,57,57,57,57,57,0,0,0,0,0,3,78,78,78,78,78,78,0,0,0,0,0,0,0,0,0,0,0,0,0,0,0,0,0,0,0,0,0,0,0,0,0,0,0,0,0,4,52,51,51,51,51,51,0,0,0,0,0,5,6,0,0,0,0,0,0,0,0,0,0,1,2,0,0,0,0,26,0,0,0,0,0,2,51,51,51,51,51,77,0,0,0,0,0,0,0,0,0,0,0,41,0,0,0,0,0,2,57,57,57,57,57,57,0,0,0,0,0,3,78,78,78,78,78,78
0,0,0,0,0,0,0,0,0,0,0,0,0,0,0,0,0,0,0,0,0,0,0,0,67,67,67,67,67,67,67,67,67,67,67,67,68,68,68,68,68,68,68,68,68,68,68,68,0,0,0,0,0,0,0,0,0,0,0,0,0,0,0,48,51,51,51,51,51,51,51,51,0,0,0,51,11,51,66,15,0,0,0,0,0,0,0,51,0,0,64,21,0,0,0,0,51,51,51,53,0,0,6,2,0,0,0,0,0,0,0,0,42,62,59,0,0,0,0,0,0,0,0,0,0,0,0,0,0,0,0,0,67,67,67,67,67,67,67,67,67,67,67,67
51,51,51,51,51,51,51,51,51,51,51,51,0,0,0,0,0,0,0,0,0,0,0,0,77,77,77,77,77,77,77,77,77,77,77,77,58,58,58,58,58,58,58,58,58,58,58,58,0,0,0,0,0,21,59,51,51,51,51,51,51,51,51,5,9,25,26,0,0,0,0,0,0,0,0,18,53,54,23,51,51,35,0,0,0,0,0,51,0,21,51,51,61,3,51,51,0,0,37,67,22,0,0,0,51,0,0,0,51,51,27,0,0,0,0,0,51,0,0,0,51,51,51,51,51,51,51,51,51,0,0,0,77,77,77,77,77,77,77,77,77,77,77,77
26,26,26,26,26,53,37,0,0,0,0,0,25,25,25,25,25,25,25,25,25,25,25,25,26,26,26,26,26,26,26,26,26,26,26,26,17,17,17,17,17,17,17,17,17,17,17,17,100,100,100,100,100,100,100,100,100,100,100,100,43,43,43,43,43,43,45,31,18,18,18,18,27,51,51,51,51,37,28,13,0,0,0,0,1,26,26,28,43,43,3,0,0,0,0,0,25,25,25,25,25,25,25,25,10,0,0,0,26,26,26,26,26,26,26,26,10,0,0,0,0,0,0,0,0,0,0,0,0,0,0,0,0,0,0,0,0,0,0,0,0,0,0,0
100,100,100,100,100,100,100,100,100,100,100,100,43,43,43,43,43,43,43,38,18,18,18,18,26,26,26,26,26,27,29,58,0,0,0,0,25,8,25,51,34,12,54,58,0,0,0,0,48,27,26,52,34,12,54,42,25,25,25,25,30,22,0,23,25,26,28,47,51,28,26,26,8,6,0,42,51,51,28,26,26,2,0,0,0,0,0,18,26,26,2,0,0,0,0,0,17,17,17,17,17,17,17,17,17,17,17,17,100,100,100,100,100,100,100,100,100,100,100,100,18,18,18,18,18,18,18,18,18,18,18,18,0,0,0,0,0,0,0,0,0,0,0,0
100,100,100,100,100,100,100,100,100,100,100,100,18,18,18,18,18,18,18,18,18,18,18,18,0,0,0,0,0,0,0,12,0,0,0,0,0,16,25,40,8,0,0,51,10,25,25,25,24,17,26,41,9,0,21,63,35,51,51,51,29,25,42,16,12,25,47,51,51,51,39,26,4,26,43,16,12,42,51,51,29,26,14,0,0,0,0,0,0,17,26,26,3,0,0,0,17,17,17,17,17,17,17,17,17,17,17,17,100,100,100,100,100,100,100,100,100,100,100,100,18,18,18,18,18,18,18,18,18,18,18,18,25,25,25,25,25,25,25,3,70,0,0,0
25,25,25,25,25,25,25,25,25,25,25,25,26,26,26,26,26,26,26,26,26,26,26,26,0,0,0,0,0,0,0,0,0,0,0,0,17,17,17,17,17,17,17,17,17,17,17,17,100,100,100,100,100,100,100,100,100,100,100,100,18,18,18,39,43,43,43,43,30,18,18,18,0,0,3,47,51,47,26,26,51,0,0,0,25,25,9,26,63,22,0,0,63,25,25,25,26,26,17,27,51,38,0,0,26,26,26,26,25,25,36,36,39,51,0,0,0,0,0,0,26,26,28,15,0,51,0,0,0,0,0,0,25,25,25,25,25,62,0,0,0,0,0,0
77,77,77,77,77,77,77,77,77,77,77,77,58,58,58,58,58,58,58,58,58,58,58,58,0,0,0,0,0,0,0,0,0,0,0,0,0,22,59,51,51,51,51,51,51,51,51,51,0,26,25,15,0,33,51,51,8,0,0,0,0,17,18,83,0,38,39,0,50,51,51,51,0,0,1,63,44,16,54,51,19,0,0,0,51,51,51,51,51,51,51,51,51,51,25,0,0,0,0,0,0,0,0,0,0,0,0,0,77,77,77,77,77,77,77,77,77,77,77,77,58,58,58,58,58,58,58,58,58,58,58,58,0,0,0,0,41,0,0,0,0,0,0,0
32,3,0,0,17,4,0,0,0,0,0,0,57,8,12,0,59,14,0,21,0,0,0,0,33,8,49,0,56,26,21,61,25,25,25,25,25,26,49,0,46,33,28,50,26,26,26,26,51,51,22,0,0,48,58,36,0,0,0,0,26,35,53,25,25,37,38,34,9,0,0,0,17,20,43,43,43,43,43,44,27,17,17,17,100,100,100,100,100,100,100,100,100,100,100,100,18,18,18,18,18,18,18,18,18,18,18,18,25,25,25,25,25,25,25,25,25,25,25,25,51,51,51,51,34,26,26,26,26,50,51,46,26,74,40,26,8,0,0,0,0,25,26,21
0,0,0,0,0,0,0,0,0,0,0,0,17,17,17,17,17,17,17,17,17,17,17,17,100,100,100,100,100,100,100,100,100,100,100,100,18,18,18,18,18,18,18,18,18,18,18,18,25,25,25,25,25,25,7,0,0,0,0,0,26,37,51,51,51,51,32,14,0,33,25,25,0,11,26,49,51,47,26,15,0,34,26,26,25,25,25,37,45,22,0,0,41,23,0,0,26,26,26,13,0,0,0,0,42,75,0,0,0,0,0,0,0,0,0,0,0,46,0,0,17,17,17,17,17,17,17,17,17,17,17,17,100,100,100,100,100,100,100,100,100,100,100,100
25,25,25,25,25,25,25,25,25,25,25,25,51,51,51,51,51,51,51,51,51,51,51,51,26,26,26,26,26,26,26,26,26,26,26,26,17,17,17,17,17,17,17,17,17,17,17,17,100,100,100,100,100,100,100,100,100,100,100,100,18,18,18,18,34,43,43,43,43,43,43,43,25,28,55,41,53,34,51,51,51,51,51,51,26,26,30,22,50,34,38,26,26,26,26,26,0,0,20,41,50,20,13,35,0,0,0,0,0,0,60,46,50,0,23,47,0,0,0,0,0,0,38,29,30,0,22,20,0,0,0,0,0,0,0,0,0,0,0,0,0,0,0,38
100,100,100,100,100,100,100,100,100,100,100,100,18,18,18,18,18,18,18,18,18,18,18,18,0,0,0,0,0,0,0,0,0,0,0,0,0,0,0,0,0,0,28,42,7,37,25,25,0,0,0,0,0,1,46,44,7,38,26,26,25,25,25,25,25,26,51,36,10,4,25,0,51,51,51,31,26,26,36,51,35,37,76,0,26,26,26,5,0,0,43,43,29,26,17,0,17,17,17,17,17,17,17,17,17,17,17,17,100,100,100,100,100,100,100,100,100,100,100,100,18,18,18,18,18,18,18,18,18,18,18,18,0,0,0,0,0,0,0,0,0,0,0,0
76,76,76,76,76,76,76,76,76,76,76,76,59,59,59,59,59,59,59,59,59,59,59,59,0,0,0,0,0,0,0,0,0,0,0,0,0,2,6,0,0,0,0,0,0,0,0,0,51,58,36,0,45,51,51,51,51,51,51,51,0,0,0,0,0,38,39,0,0,0,0,0,0,0,47,51,44,16,55,51,51,51,51,51,51,51,51,51,51,51,51,51,51,11,0,0,0,0,0,0,0,0,0,0,0,0,0,0,76,76,76,76,76,76,76,76,76,76,76,76,59,59,59,59,59,59,59,59,59,59,59,59,0,0,0,0,0,0,0,0,0,0,0,0
100,100,100,100,100,100,100,100,100,100,100,100,18,18,18,18,18,18,18,18,18,18,18,18,0,0,21,25,25,25,25,2,0,0,0,0,0,0,22,26,26,26,26,2,0,0,0,0,0,0,0,8,25,21,0,0,0,0,0,0,25,22,0,8,29,69,25,10,0,0,0,0,26,63,25,25,26,51,51,35,25,25,25,25,0,15,26,26,26,26,26,26,26,26,26,26,17,17,17,17,17,17,17,17,17,17,17,17,100,100,100,100,100,100,100,100,100,100,100,100,18,18,18,18,18,18,18,18,18,18,18,18,25,25,25,25,25,25,25,25,25,25,25,25
0,0,0,0,0,0,0,0,0,0,0,0,0,0,0,0,0,3,25,25,25,25,13,0,25,25,25,9,0,5,28,26,26,26,13,0,51,51,51,34,25,41,46,25,25,25,25,25,26,26,26,26,26,42,47,45,51,51,27,26,25,25,25,25,25,27,27,44,51,51,26,25,43,43,43,43,43,43,43,43,43,43,43,43,100,100,100,100,100,100,100,100,100,100,100,100,18,18,18,18,18,18,18,18,18,18,18,18,0,0,2,20,17,25,25,25,17,0,0,0,0,5,15,73,17,26,26,26,18,0,0,0,0,23,33,73,0,0,0,0,0,0,0,0
0,0,0,0,0,0,0,0,0,0,0,0,65,65,65,65,65,65,65,65,65,65,65,65,70,70,70,70,70,70,70,70,70,70,70,70,0,0,0,0,0,0,0,0,0,0,0,0,0,0,0,0,0,0,0,0,0,0,0,0,0,0,0,0,44,57,22,0,0,0,0,0,0,0,0,0,0,28,58,39,0,0,0,0,0,21,51,52,51,51,51,51,51,51,51,51,0,0,0,0,0,0,0,0,0,0,0,0,51,51,51,51,51,51,51,51,51,51,51,51,65,65,65,65,65,65,65,65,65,65,65,65,70,70,70,70,70,70,70,70,70,70,70,70
100,100,100,100,100,100,100,100,100,100,100,100,43,43,43,43,43,43,43,43,25,18,18,18,51,51,51,51,51,32,28,41,30,0,0,0,26,41,51,51,51,45,30,21,47,25,25,25,0,15,51,51,46,41,30,5,26,26,26,26,25,25,51,51,46,27,28,25,25,25,25,25,51,51,51,51,51,51,31,26,26,26,26,26,26,26,26,26,26,26,5,0,0,0,0,0,17,17,17,17,17,17,17,17,17,17,17,17,100,100,100,100,100,100,100,100,100,100,100,100,18,18,18,18,18,18,18,18,18,18,18,18,0,0,0,0,0,0,0,0,0,0,0,0
0,0,0,0,0,0,0,0,0,0,0,0,17,17,17,17,17,17,17,17,17,17,17,17,100,100,100,100,100,100,100,100,100,100,100,100,18,18,18,18,18,18,18,18,18,18,18,18,25,28,36,36,36,36,7,0,0,0,0,0,51,51,42,40,40,40,28,25,25,25,25,25,51,51,51,51,49,43,30,46,51,51,32,44,26,26,26,26,33,34,8,20,26,26,11,35,25,25,25,25,25,25,25,25,25,25,25,25,26,26,26,26,26,26,26,26,26,26,26,26,17,17,17,17,17,17,17,17,17,17,17,17,100,100,100,100,100,100,100,100,100,100,100,100
0,0,0,0,0,0,0,0,0,0,0,0,0,0,0,0,0,0,0,0,0,0,0,0,0,0,0,0,0,0,0,0,0,0,0,0,17,17,17,17,17,17,17,17,17,17,17,17,100,100,100,100,100,100,100,100,100,100,100,100,43,43,43,43,43,43,43,43,43,43,43,43,51,33,51,51,45,29,27,26,26,26,26,26,51,33,51,51,45,52,15,0,50,0,0,0,26,26,26,26,26,52,15,0,87,25,25,25,0,0,25,25,25,28,26,25,49,51,51,51,0,0,26,26,26,26,26,26,26,26,26,26,0,0,0,0,0,0,0,0,0,0,0,0
0,0,0,0,0,0,0,0,0,0,0,0,25,25,25,25,25,25,25,25,25,25,25,25,26,26,26,26,26,26,26,26,26,26,26,26,17,17,17,17,17,17,17,17,17,17,17,17,100,100,100,100,100,100,100,100,100,100,100,100,43,43,43,43,43,43,43,43,43,43,43,43,26,26,26,26,26,26,49,51,30,51,51,51,25,25,17,0,0,0,24,86,7,26,26,40,26,26,18,0,0,0,0,49,11,40,0,57,0,0,0,0,0,0,3,25,37,68,0,34,25,25,25,25,25,25,28,51,51,42,25,25,26,26,26,26,26,26,26,26,26,26,26,26
43,43,43,43,43,43,43,29,17,17,17,17,100,100,100,100,100,100,100,100,100,100,100,100,43,43,43,43,43,43,43,43,43,43,43,43,26,26,26,26,26,26,26,26,34,51,51,51,0,0,0,24,25,23,0,16,33,51,51,51,25,25,25,50,51,49,25,41,51,51,43,26,26,26,26,26,26,26,49,39,26,45,72,14,0,0,0,0,0,0,48,53,0,26,81,44,0,0,0,0,0,0,19,31,0,6,21,28,17,17,17,17,17,17,17,17,17,17,17,17,100,100,100,100,100,100,100,100,100,100,100,100,18,18,18,18,18,18,18,18,18,18,18,18
0,0,0,0,0,0,0,0,0,0,0,0,17,17,17,17,17,17,17,17,17,17,17,17,100,100,100,100,100,100,100,100,100,100,100,100,18,18,18,18,18,18,18,18,18,18,18,18,19,25,25,25,32,36,18,22,25,25,25,25,44,51,51,51,49,40,32,63,26,26,48,51,51,51,51,51,51,51,34,15,19,25,76,28,26,26,26,26,26,26,8,0,19,26,20,1,25,25,25,25,25,25,25,25,25,25,25,25,26,26,26,26,26,26,26,26,26,26,26,26,17,17,17,17,17,17,17,17,17,17,17,17,100,100,100,100,100,100,100,100,100,100,100,100
68,68,68,68,68,68,68,68,68,68,68,68,51,51,51,51,51,51,51,51,51,51,51,51,51,51,51,51,51,51,51,51,51,51,51,51,0,0,0,0,8,25,14,5,0,3,0,1,0,0,0,0,19,54,61,24,50,72,45,13,0,0,0,0,14,64,66,18,0,4,0,9,51,51,51,51,51,51,51,51,51,51,51,51,0,0,0,0,0,0,0,0,0,0,0,0,67,67,67,67,67,67,67,67,67,67,67,67,68,68,68,68,68,68,68,68,68,68,68,68,0,0,0,0,0,0,0,0,0,0,0,0,0,0,0,0,0,0,0,0,0,0,0,0
26,26,26,26,26,26,26,26,26,26,26,26,25,25,25,25,25,25,25,25,25,25,25,25,26,26,26,26,26,26,26,26,26,26,26,26,17,17,17,17,17,17,17,17,17,17,17,17,100,100,100,100,100,100,100,100,100,100,100,100,43,43,43,43,43,43,43,43,43,43,43,43,51,51,36,26,26,39,42,26,26,26,26,26,51,40,55,35,0,28,57,25,25,25,25,7,26,9,26,35,38,5,26,26,26,26,26,7,25,25,18,0,54,25,25,7,0,0,0,0,51,51,44,25,75,26,26,7,0,0,0,0,26,26,26,26,26,0,0,0,0,0,0,0
17,17,17,17,17,17,17,17,17,17,17,17,100,100,100,100,100,100,100,100,100,100,100,100,18,18,18,18,18,18,18,18,18,18,18,18,0,0,0,0,28,21,0,0,0,0,0,0,0,0,0,0,48,50,0,0,0,0,0,0,25,25,25,25,37,48,25,25,12,0,0,0,51,51,51,51,40,26,51,51,17,0,0,0,26,26,26,26,15,0,29,74,40,1,0,0,0,0,0,0,0,0,3,26,26,1,0,0,17,17,17,17,17,17,17,17,17,17,17,17,100,100,100,100,100,100,100,100,100,100,100,100,43,43,43,43,43,43,43,43,43,43,43,43
26,26,26,26,26,26,26,26,26,26,26,26,0,0,0,0,0,0,0,0,0,0,0,0,0,0,0,0,0,0,0,0,0,0,0,0,17,17,17,17,17,17,17,17,17,17,17,17,100,100,100,100,100,100,100,100,100,100,100,100,18,28,43,43,43,43,43,43,43,43,43,43,10,42,32,32,51,51,32,40,51,46,26,26,31,56,9,24,71,26,6,15,28,81,0,0,26,26,2,14,36,0,0,0,2,48,0,0,0,38,0,0,0,0,35,3,0,0,0,0,25,59,0,0,0,23,60,9,0,0,23,25,26,30,0,0,0,24,33,11,0,0,24,26
100,100,100,100,100,100,100,100,100,100,100,100,18,18,18,18,18,18,18,18,18,18,18,18,0,0,0,0,0,0,0,0,0,0,0,0,0,0,0,0,0,0,0,0,0,0,0,0,0,0,0,8,25,21,0,0,0,0,0,0,0,0,0,8,28,70,25,10,0,0,0,0,0,0,21,25,26,51,51,36,25,25,25,25,0,0,22,26,26,26,26,26,26,26,26,26,17,17,17,17,17,17,17,17,17,17,17,17,100,100,100,100,100,100,100,100,100,100,100,100,43,43,43,43,43,43,43,43,43,43,43,43,26,26,26,26,26,26,26,26,26,26,26,26
25,25,25,25,25,25,25,25,25,25,25,25,26,26,26,26,26,26,26,26,26,26,26,26,0,0,0,0,0,0,0,0,0,0,0,0,17,17,17,17,17,17,17,17,17,17,17,17,100,100,100,100,100,100,100,100,100,100,100,100,43,43,43,43,43,43,43,43,33,18,18,18,26,26,26,26,26,26,35,26,63,25,25,25,0,0,7,80,10,2,78,0,23,26,26,26,0,0,7,94,25,2,100,26,25,25,25,19,25,25,32,20,22,25,51,51,49,26,26,20,26,26,33,0,3,26,26,26,24,0,0,0,25,25,25,25,25,25,25,25,25,25,25,25
0,0,0,0,0,0,0,0,0,0,0,0,0,0,0,0,0,0,0,0,0,0,0,0,12,0,0,0,0,0,0,0,0,0,0,0,13,0,0,18,28,0,0,0,0,0,0,0,0,0,0,20,59,42,1,0,0,0,0,0,25,25,25,30,39,34,25,25,25,25,25,25,43,43,43,43,43,43,43,43,43,43,43,43,100,100,100,100,100,100,100,100,100,100,100,100,18,18,18,18,18,18,18,18,18,18,18,18,25,25,25,25,25,25,25,25,25,25,25,25,26,26,26,26,26,26,26,26,26,26,26,26,0,0,0,0,0,0,0,0,0,0,0,0
17,17,17,17,17,17,17,17,17,17,17,17,100,100,100,100,100,100,100,100,100,100,100,100,18,18,18,18,18,18,18,18,18,18,18,18,25,25,25,25,25,19,14,25,25,25,25,25,26,26,48,51,33,63,40,51,51,51,51,51,0,0,41,65,8,40,51,33,26,26,26,26,0,0,17,21,22,68,26,8,0,0,0,0,0,0,0,9,29,24,0,0,0,0,0,0,0,0,0,0,0,0,0,0,0,0,0,0,17,17,17,17,17,17,17,17,17,17,17,17,100,100,100,100,100,100,100,100,100,100,100,100,43,43,43,43,43,43,43,43,43,43,43,43
100,100,100,100,100,100,100,100,100,100,100,100,18,18,18,18,18,18,18,18,18,18,18,18,25,25,25,25,25,25,25,25,25,25,25,25,26,26,26,26,26,26,26,26,26,35,51,51,0,0,0,0,0,1,42,42,32,9,26,26,0,0,0,18,25,25,34,25,22,25,25,25,25,25,25,44,51,51,31,13,2,26,26,26,26,26,26,26,26,26,5,0,0,0,18,25,17,17,17,17,17,17,17,17,17,17,36,43,100,100,100,100,100,100,100,100,100,100,100,100,18,18,18,18,18,18,18,18,18,18,18,18,25,25,25,25,25,25,25,25,25,25,25,25
40,28,0,15,26,26,26,26,26,26,26,26,0,0,0,6,25,25,25,25,25,25,0,0,0,0,0,6,26,26,26,26,26,26,0,10,0,0,0,0,0,50,0,0,15,25,41,28,25,25,25,25,25,87,0,0,15,26,42,24,51,51,51,51,51,49,25,25,25,25,25,43,43,43,43,43,43,43,43,43,43,43,43,43,100,100,100,100,100,100,100,100,100,100,100,100,18,18,18,18,18,18,18,18,18,18,18,18,25,25,25,25,25,25,25,25,25,25,25,25,26,26,26,26,26,26,26,26,26,26,26,26,0,0,0,0,0,0,0,0,0,0,0,0
67,67,67,67,67,67,67,67,67,67,67,67,68,68,68,68,68,68,68,68,68,68,68,68,0,0,0,0,0,0,0,0,0,0,0,0,51,20,0,0,0,0,25,8,0,0,0,0,0,0,0,0,0,0,55,18,0,0,0,0,0,0,0,0,11,51,64,13,8,51,51,51,0,14,51,51,51,51,51,51,51,51,51,51,51,51,3,0,0,0,0,0,0,0,0,0,0,0,0,0,0,0,0,0,0,0,0,0,67,67,67,67,67,67,67,67,67,67,67,67,68,68,68,68,68,68,68,68,68,68,68,68,0,0,0,0,0,0,0,0,0,0,0,0
46,50,43,43,2,0,0,0,74,4,0,70,18,52,51,31,0,0,0,0,36,23,0,36,8,8,8,8,8,9,0,0,0,9,6,0,51,51,51,43,43,79,0,0,0,78,36,3,43,43,43,2,0,59,0,0,0,59,0,0,0,0,0,0,0,0,0,0,0,0,0,0,100,100,100,100,100,100,100,100,100,100,100,100,35,35,35,35,35,35,35,35,35,35,35,35,0,0,0,0,0,0,0,0,0,0,0,0,0,0,0,0,0,0,0,0,0,0,0,0,0,0,0,0,0,0,0,0,0,0,0,0,0,0,0,0,0,0,0,0,0,0,0,0
0,0,0,0,0,0,0,0,0,0,0,0,8,8,8,8,8,8,8,8,8,8,8,8,43,43,43,43,43,43,43,43,43,43,43,43,0,0,0,0,0,0,0,0,0,0,0,0,0,0,0,0,0,0,0,0,0,0,0,0,0,0,0,0,0,0,0,0,0,0,0,0,100,100,100,100,100,100,100,100,100,100,100,100,43,43,43,43,43,43,43,43,42,35,35,35,51,51,51,51,51,51,49,43,39,0,0,0,43,43,43,43,43,47,74,8,8,8,8,8,0,0,4,8,8,27,43,47,51,51,45,43,8,8,33,51,51,18,4,23,43,43,11,0
51,51,51,51,51,51,51,51,51,51,51,51,43,43,43,43,43,43,43,48,51,51,43,43,8,8,6,0,0,0,5,38,51,43,4,0,51,51,41,8,8,8,38,51,51,12,8,4,43,43,43,43,43,43,43,43,43,43,43,23,0,0,0,0,0,0,0,0,0,0,0,0,100,100,100,100,100,100,100,100,100,100,100,100,35,35,35,35,35,35,35,35,35,35,35,35,0,0,0,0,0,0,0,0,0,0,0,0,8,8,8,8,8,8,8,8,8,8,8,8,43,43,43,43,43,43,43,43,43,43,43,43,0,0,0,0,0,0,0,0,0,0,0,0
8,39,51,51,51,33,6,0,0,0,0,0,43,43,43,43,43,43,79,0,0,0,0,0,8,4,0,0,0,0,73,0,0,0,0,0,43,26,0,0,0,0,10,0,0,0,0,0,0,0,0,0,0,0,0,0,0,0,0,0,0,0,0,0,0,0,0,0,0,0,0,0,100,100,100,100,100,100,100,100,100,100,100,100,35,35,35,35,35,35,35,35,35,35,35,35,0,0,0,0,0,0,0,0,0,0,0,0,8,8,8,8,8,8,8,8,8,8,8,8,43,43,43,43,43,43,43,43,43,43,43,43,0,0,0,0,0,0,0,0,0,0,0,0
51,51,51,51,51,51,51,46,43,43,43,43,43,43,43,43,43,43,43,19,0,0,0,0,0,0,0,0,0,0,0,0,0,0,0,0,100,100,100,100,100,100,100,100,100,100,100,100,43,43,43,43,43,43,43,43,43,43,43,43,43,43,43,43,43,43,43,43,43,43,43,43,8,8,8,8,8,8,8,8,8,8,8,8,43,43,43,47,51,51,51,51,51,51,51,51,0,0,0,25,43,43,43,43,43,43,43,43,0,0,0,0,0,0,0,0,0,0,0,0,8,8,8,8,8,8,8,8,8,8,8,8,43,43,43,43,43,43,43,43,43,43,43,43
100,100,100,100,100,100,100,100,100,100,100,100,43,43,43,43,43,43,43,43,42,35,35,35,43,43,43,48,51,51,44,43,39,0,0,0,7,8,8,36,51,51,14,2,0,0,0,7,67,43,43,43,43,43,43,12,0,0,0,12,51,0,5,8,8,7,0,2,14,8,25,0,51,0,27,43,43,39,0,6,49,43,60,0,34,8,8,8,8,8,8,8,8,8,8,8,43,43,43,43,43,43,43,43,43,43,43,43,100,100,100,100,100,100,100,100,100,100,100,100,35,35,35,35,35,35,35,35,35,35,35,35,0,0,0,0,0,0,0,0,0,0,0,0
51,51,51,8,8,8,8,8,8,8,8,8,49,51,50,43,43,43,43,43,43,43,43,43,35,43,42,0,0,0,0,0,0,2,8,50,0,0,0,0,0,0,0,0,0,11,43,69,8,8,8,8,8,8,8,8,8,8,8,21,43,43,43,43,43,43,43,43,43,43,43,43,100,100,100,100,100,100,100,100,100,100,100,100,35,35,35,35,35,35,35,35,35,35,35,35,8,8,8,8,8,8,8,8,8,8,8,8,43,43,43,43,43,43,43,43,43,43,43,43,0,0,0,0,0,0,0,0,0,0,0,0,0,0,0,0,0,0,0,0,0,0,0,0
0,0,0,0,0,7,8,7,21,33,43,39,8,8,8,8,8,45,51,47,8,8,8,7,43,43,45,51,51,51,45,43,49,51,44,39,0,0,11,43,43,43,10,0,71,43,6,0,0,0,0,0,0,0,13,51,53,0,0,0,0,0,0,0,0,0,0,0,0,0,0,0,100,100,100,100,100,100,100,100,100,100,100,100,35,35,35,35,35,35,35,35,35,35,35,35,0,0,0,0,0,0,0,0,0,0,0,0,0,0,0,0,0,0,0,0,0,0,0,0,0,0,0,0,0,0,0,0,0,0,0,0,8,8,8,8,8,8,8,8,8,8,8,8
43,43,43,43,43,43,43,43,43,43,43,43,8,8,8,8,8,8,8,8,8,8,8,8,43,43,43,43,43,43,43,43,43,43,43,43,100,100,100,100,100,100,100,100,100,100,100,100,43,43,43,43,43,43,43,43,43,43,43,43,43,43,43,44,51,51,51,51,51,51,51,51,0,0,0,6,43,43,43,43,43,43,43,43,0,0,0,0,2,8,50,0,35,0,58,0,0,0,0,0,11,43,69,2,85,0,74,8,0,0,0,0,1,8,21,23,47,8,44,51,8,8,8,8,14,51,51,51,51,51,51,43,43,43,43,43,43,43,43,43,43,43,43,4
100,100,100,100,100,100,100,100,100,100,100,100,35,35,35,35,35,35,35,35,35,35,35,35,8,8,14,2,0,0,0,0,0,0,0,0,43,43,65,11,0,15,8,8,8,8,8,8,8,7,37,10,0,63,43,43,43,43,43,43,43,42,0,0,0,47,0,9,8,8,8,8,0,0,0,0,0,0,0,78,43,43,43,43,0,0,0,0,0,0,0,59,0,0,0,0,0,0,0,0,0,0,0,0,0,0,0,0,100,100,100,100,100,100,100,100,100,100,100,100,39,35,35,35,35,35,35,35,35,35,35,35,25,0,0,0,0,1,8,8,5,0,0,0
8,8,8,8,74,0,59,0,18,43,43,43,51,51,51,51,45,8,9,0,0,0,0,0,51,50,43,43,43,43,79,0,0,0,0,0,43,40,0,0,0,0,59,0,0,6,8,8,8,8,8,8,8,8,8,8,8,41,51,51,43,43,43,43,43,43,43,43,43,43,43,43,100,100,100,100,100,100,100,100,100,100,100,100,35,35,35,35,35,35,35,35,35,35,35,35,0,0,0,0,0,0,0,0,0,0,0,0,8,8,8,8,8,8,8,8,8,8,8,8,43,43,43,43,43,43,43,43,43,43,43,43,8,8,8,8,8,8,8,8,8,8,8,8
0,0,0,0,78,43,43,43,43,43,43,43,0,0,0,0,59,0,0,0,0,0,0,0,0,0,0,0,0,0,0,0,0,0,0,0,100,100,100,100,100,100,100,100,100,100,100,100,35,35,35,35,35,35,35,35,35,35,35,35,0,0,0,5,8,8,8,8,8,8,8,8,8,8,8,35,51,51,51,50,43,43,43,43,51,51,51,50,43,43,43,52,51,31,0,35,43,43,43,39,0,0,0,5,8,8,8,86,0,0,0,0,7,8,8,39,51,51,51,51,0,0,0,0,42,43,43,43,43,43,43,43,0,0,0,0,0,0,0,0,0,0,0,0
0,0,0,0,0,0,0,0,0,0,0,0,0,0,0,0,0,0,0,0,0,0,0,0,0,0,0,0,0,0,0,0,0,0,0,0,100,100,100,100,100,100,100,100,100,100,100,100,35,35,35,35,35,35,35,35,35,35,35,35,0,0,18,19,10,8,8,8,8,8,8,8,8,7,30,35,43,43,43,43,43,43,43,43,43,42,8,8,4,0,0,0,9,8,8,16,8,16,51,51,34,8,13,34,65,51,43,71,51,51,51,51,47,43,50,76,46,12,0,47,51,51,51,43,23,0,6,35,0,0,0,0,43,43,43,4,0,0,0,0,0,0,0,0
0,0,0,0,0,0,0,0,0,0,0,0,8,8,8,8,8,8,8,8,8,8,8,8,43,43,43,43,43,43,43,43,43,43,43,43,100,100,100,100,100,100,100,100,100,100,100,100,35,35,35,35,35,35,35,35,35,35,35,35,8,8,8,8,8,8,8,8,8,8,8,6,43,43,43,43,43,43,43,50,51,51,51,44,0,0,0,0,0,0,0,40,50,46,43,43,8,8,0,0,0,0,30,51,52,16,0,0,51,51,11,8,8,8,8,8,8,8,6,0,51,51,51,51,51,51,51,51,51,51,44,8,43,43,43,43,43,43,43,43,43,43,43,43
0,0,0,0,0,0,0,0,0,0,0,0,0,0,0,0,0,0,0,0,0,0,0,0,0,0,0,0,0,0,0,0,0,0,0,0,100,100,100,100,100,100,100,100,100,100,100,100,35,35,35,35,35,35,35,35,35,35,35,35,8,8,8,6,0,0,0,0,0,0,0,0,43,43,43,63,0,0,7,8,2,0,0,0,0,0,30,39,26,7,87,56,11,0,0,0,8,8,51,0,40,11,51,0,0,0,0,0,43,43,30,0,76,11,21,0,0,0,0,0,0,0,0,0,78,4,0,0,0,0,0,0,0,0,0,0,10,0,0,0,0,0,0,0
0,0,0,0,0,0,0,0,0,0,0,0,0,0,0,0,0,0,0,0,0,0,0,0,0,0,0,0,0,0,0,0,0,0,0,0,100,100,100,100,100,100,100,100,100,100,100,100,35,35,35,35,35,35,35,35,35,35,35,35,8,8,8,8,8,8,8,8,8,8,8,8,51,51,51,51,51,51,51,51,44,43,43,43,51,45,43,43,43,43,43,63,15,0,0,0,51,23,5,0,0,0,0,36,21,8,8,8,51,51,35,8,8,8,8,23,51,51,51,51,51,51,51,51,51,51,51,51,51,51,51,51,43,43,43,43,43,43,43,43,43,43,43,43
0,0,0,0,0,0,0,0,0,0,0,0,0,0,0,0,0,0,0,0,0,0,0,0,0,0,0,0,0,0,0,0,0,0,0,0,100,100,100,100,100,100,100,100,100,100,100,100,35,35,35,35,35,35,35,35,35,35,35,35,0,58,0,0,7,8,8,8,8,8,8,8,8,74,0,0,40,43,43,43,43,43,43,43,50,40,0,0,0,0,0,0,0,0,0,0,88,15,0,0,0,0,0,0,8,8,8,8,65,0,0,0,2,8,8,9,51,51,51,51,0,0,0,0,12,43,43,43,43,43,43,43,0,0,0,0,0,0,0,0,0,0,0,0
0,0,76,15,0,0,0,0,0,0,0,0,8,4,36,55,32,3,0,0,0,0,0,0,51,33,3,47,77,15,8,8,2,0,0,0,51,51,28,8,41,51,51,51,19,8,8,8,43,43,43,43,43,43,43,43,43,43,43,43,0,0,0,0,0,0,0,0,0,0,0,0,100,100,100,100,100,100,100,100,100,100,100,100,35,35,35,35,35,35,35,35,35,35,35,35,0,0,0,0,0,0,0,0,0,0,0,0,0,0,0,0,0,0,0,0,0,0,0,0,8,8,2,0,0,0,0,0,0,0,0,0,43,43,11,0,0,0,0,0,0,0,0,0
51,13,0,0,0,0,0,0,0,0,0,0,43,79,0,0,0,0,0,0,0,0,0,0,0,73,0,0,0,0,0,0,0,0,0,0,0,10,0,0,0,0,0,0,0,0,0,0,0,0,0,0,0,0,0,0,0,0,0,0,0,0,0,0,0,0,0,0,0,0,0,0,100,100,100,100,100,100,100,100,100,100,100,100,35,35,35,35,35,35,35,35,35,35,35,35,0,0,0,0,0,0,0,0,0,0,0,0,8,8,8,6,0,0,0,0,0,0,0,0,43,43,43,36,8,8,2,0,0,0,0,0,8,8,8,31,51,51,19,8,8,8,8,8
100,100,100,100,100,100,100,100,100,100,100,100,35,35,35,35,35,35,35,35,35,35,35,35,0,0,0,0,0,0,0,0,0,0,0,0,0,0,0,0,0,0,8,8,30,0,0,0,8,8,8,8,8,8,45,43,58,13,8,8,43,51,51,49,43,48,23,8,0,34,43,43,2,48,51,40,6,30,43,43,4,0,58,0,0,31,43,48,77,8,8,8,8,8,74,0,0,0,0,3,43,43,43,43,43,43,37,0,100,100,100,100,100,100,100,100,100,100,100,100,35,35,35,35,35,35,35,35,35,35,35,35,0,0,0,0,0,0,0,0,0,0,0,0
43,43,43,43,43,43,6,0,0,0,4,8,0,0,0,0,0,0,0,6,8,8,25,43,8,8,8,8,8,8,8,40,51,51,10,8,51,51,51,51,51,47,43,43,43,43,43,43,43,43,43,43,43,21,0,0,0,0,0,0,0,0,0,0,0,0,0,0,0,0,0,0,100,100,100,100,100,100,100,100,100,100,100,100,35,35,35,35,35,35,35,35,35,35,35,35,0,0,0,0,0,0,0,0,0,0,0,0,0,0,0,0,0,0,0,0,0,0,0,0,0,0,0,0,0,0,0,0,0,0,0,0,0,0,0,0,0,0,0,0,0,0,0,0
0,0,0,0,0,0,0,0,0,0,0,0,0,0,0,0,0,0,0,0,0,0,0,0,67,67,67,67,67,67,67,67,67,67,67,67,68,68,68,68,68,68,68,68,68,68,68,68,0,0,0,0,0,0,0,0,0,0,0,0,51,51,51,51,51,51,51,51,51,51,51,51,0,0,0,0,10,51,59,51,51,48,0,0,0,0,0,0,0,0,0,0,0,0,0,0,51,51,51,51,51,51,51,51,51,51,51,51,0,0,0,0,0,0,0,0,0,0,0,0,0,0,0,0,0,0,0,0,0,0,0,0,67,67,67,67,67,67,67,67,67,67,67,67
0,0,0,0,0,0,0,0,0,0,0,0,6,51,51,51,51,51,51,51,51,51,51,6,0,0,0,0,0,0,0,0,0,0,0,0,0,0,0,0,0,0,0,0,0,0,0,0,0,0,0,0,0,0,0,0,0,0,0,0,0,0,0,0,0,0,0,0,0,0,0,0,6,51,51,51,51,51,51,51,51,51,51,6,0,0,0,0,0,0,0,0,0,0,0,0,8,67,67,67,67,67,67,67,67,67,67,8,8,68,68,68,68,68,68,68,68,68,68,8,0,0,0,0,4,51,51,51,51,51,51,6,0,0,0,0,0,0,0,0,0,0,0,0
0,0,0,0,0,0,0,0,0,0,0,0,8,67,67,67,67,67,67,67,67,67,67,8,8,68,68,68,68,68,68,68,68,68,68,8,6,51,51,51,51,51,51,0,0,0,0,0,0,0,0,0,0,0,0,0,0,0,0,0,0,0,0,0,0,0,0,0,0,0,0,0,0,0,0,0,0,0,0,0,0,0,0,0,6,51,51,51,51,51,0,0,0,0,0,0,0,0,0,0,0,0,0,0,0,0,0,0,0,0,0,0,0,0,0,0,0,0,0,0,8,67,67,67,67,67,67,67,67,67,67,8,1,12,12,12,12,12,12,12,12,12,12,1
100,100,100,100,100,100,100,100,100,100,100,100,35,35,35,35,35,35,35,35,35,35,35,35,0,0,0,0,0,0,0,0,0,0,0,0,0,0,0,0,0,0,0,0,0,0,2,8,0,0,0,0,0,0,0,0,0,0,11,43,0,0,0,0,0,0,0,0,0,0,0,0,0,0,0,0,0,0,0,0,0,0,0,0,0,0,0,0,0,0,0,0,0,0,0,0,0,0,0,0,0,0,0,0,0,0,0,0,100,100,100,100,100,100,100,100,100,100,100,100,43,43,43,43,43,43,43,43,43,43,43,43,51,51,51,51,51,51,51,51,51,51,51,51
0,0,0,0,0,0,0,0,0,0,0,0,8,67,67,67,67,67,67,67,67,67,67,8,8,68,68,68,68,68,68,68,68,68,68,8,0,0,0,0,0,0,0,0,0,0,0,0,0,0,0,0,0,0,0,0,0,0,0,0,0,0,0,0,0,0,0,0,0,0,0,0,0,0,0,0,0,0,14,51,51,51,51,6,0,0,0,0,0,0,0,0,0,0,0,0,0,0,0,0,0,0,0,0,0,0,0,0,0,0,0,0,0,0,0,0,0,0,0,0,8,67,67,67,67,67,67,67,67,67,67,8,1,12,12,12,12,12,12,12,12,12,12,1
0,0,0,0,0,0,0,0,0,0,0,0,0,0,0,0,0,0,0,0,0,0,0,0,0,0,0,0,0,0,0,0,0,0,0,0,2,17,17,17,17,17,17,17,17,17,17,2,12,100,100,100,100,100,100,100,100,100,100,12,5,43,43,43,43,43,43,43,43,43,43,5,3,26,50,51,46,27,29,26,26,26,26,3,0,9,84,26,75,14,52,25,25,25,25,3,0,9,74,0,71,14,53,26,26,26,26,3,7,30,25,25,25,26,28,25,25,25,25,3,7,31,26,26,26,26,26,26,26,26,26,3,0,0,0,0,0,0,0,0,0,0,0,0
0,0,0,0,0,0,0,0,0,0,0,0,6,51,51,51,51,51,51,51,51,51,51,6,0,0,0,0,0,0,0,0,0,0,0,0,0,0,0,56,53,13,0,0,0,0,0,0,0,19,51,61,8,0,0,13,0,0,0,0,0,0,0,0,0,0,0,50,1,0,0,0,0,0,0,0,0,0,0,46,51,51,51,6,0,0,0,0,0,0,0,0,0,0,0,0,8,67,67,67,67,67,67,67,67,67,67,8,8,68,68,68,68,68,68,68,68,68,68,8,6,51,51,51,51,51,51,51,51,51,51,6,0,0,0,0,0,0,0,0,0,0,0,0
0,0,0,0,0,0,0,0,0,0,0,0,6,51,51,51,51,51,51,51,51,51,51,6,0,0,0,0,0,0,0,0,0,0,0,0,0,0,0,0,0,0,6,1,0,0,0,0,0,0,0,0,0,0,67,18,0,0,0,0,0,0,0,0,13,51,67,13,0,0,0,0,6,51,51,51,51,51,51,51,51,51,51,6,0,0,0,0,0,0,0,0,0,0,0,0,8,67,67,67,67,67,67,67,67,67,67,8,8,68,68,68,68,68,68,68,68,68,68,8,6,51,51,51,51,51,51,51,51,51,51,6,0,0,0,0,0,0,0,0,0,0,0,0
0,0,0,0,0,0,0,0,0,0,0,0,0,0,0,0,0,0,0,0,0,0,0,0,6,51,51,51,51,51,51,51,51,51,51,6,0,0,0,0,0,0,0,0,0,0,0,0,0,0,0,0,0,0,0,0,0,0,0,0,0,0,0,0,0,0,0,0,0,0,0,0,6,51,51,51,51,51,51,51,51,51,51,6,0,0,0,0,0,0,0,0,0,0,0,0,8,67,67,67,67,67,67,67,67,67,67,8,8,68,68,68,68,68,68,68,68,68,68,8,6,51,51,51,51,51,51,51,51,51,51,6,0,0,0,0,0,0,0,0,0,0,0,0
0,0,0,0,0,0,12,12,12,12,12,1,0,0,0,0,0,0,18,18,18,18,18,2,0,0,0,0,0,0,0,16,25,25,7,0,0,0,0,0,0,1,25,41,50,26,7,0,0,0,0,0,0,2,37,26,25,0,0,0,0,0,0,0,0,5,15,0,0,0,0,0,0,0,0,0,0,5,29,25,25,25,25,3,0,0,0,0,0,1,26,26,26,29,51,6,0,0,0,0,0,0,17,17,17,20,43,5,0,0,0,0,0,5,100,100,100,100,100,12,0,0,0,0,0,0,18,18,18,18,18,2,0,0,0,0,0,0,0,0,0,0,0,0
0,0,0,0,0,0,12,12,12,12,12,1,0,0,0,0,0,2,59,59,59,59,59,7,0,0,0,0,0,0,0,0,0,0,0,0,0,0,0,0,0,0,0,0,0,0,0,0,0,0,0,0,0,1,2,0,0,0,0,0,0,0,0,0,0,5,6,0,0,0,0,0,0,0,0,0,0,4,52,27,0,0,0,0,0,0,0,0,0,0,0,0,0,0,0,0,0,0,0,0,0,0,0,0,0,0,0,0,0,0,0,0,0,3,76,76,76,76,76,9,0,0,0,0,0,2,59,59,59,59,59,7,0,0,0,0,0,0,0,0,0,0,0,0
0,0,0,0,0,0,0,0,0,0,0,0,0,0,0,0,0,0,0,0,0,0,0,0,0,0,0,0,0,0,0,0,0,0,0,0,2,17,17,17,17,17,17,17,17,17,17,2,12,100,100,100,100,100,100,100,100,100,100,12,5,43,43,43,43,43,43,43,43,43,43,5,6,51,51,51,51,51,51,51,51,51,51,6,3,26,26,26,26,26,26,26,26,26,26,3,3,25,25,25,25,25,25,25,25,25,25,3,3,26,26,26,28,51,51,51,51,51,51,6,3,25,25,25,27,51,51,51,51,51,51,6,1,12,12,12,12,12,12,12,12,12,12,1
0,0,0,0,0,0,12,12,12,12,12,1,0,0,0,0,0,2,59,59,59,59,59,7,0,0,0,0,0,0,0,0,0,0,0,1,0,0,0,0,0,0,0,0,0,0,0,2,0,0,0,0,0,1,2,0,0,0,0,0,0,0,0,0,0,4,7,0,0,0,0,0,0,0,0,0,0,3,53,51,51,51,51,6,0,0,0,0,0,0,28,63,51,51,51,6,0,0,0,0,0,1,31,11,0,0,0,0,0,0,0,0,0,3,76,76,76,76,76,9,0,0,0,0,0,2,59,59,59,59,59,7,0,0,0,0,0,0,0,0,0,0,0,0
0,0,0,0,0,0,0,0,0,6,12,1,4,25,25,25,4,0,0,0,0,14,26,3,3,26,26,26,4,0,0,0,0,0,0,0,2,17,17,17,17,17,17,17,17,17,17,2,12,100,100,100,100,100,100,100,100,100,100,12,5,43,43,43,43,43,43,43,43,43,43,5,3,26,26,26,26,26,26,26,26,26,26,3,0,0,0,0,0,0,0,0,0,0,0,0,3,25,25,25,25,25,25,25,25,25,25,3,3,26,26,26,26,26,26,26,26,26,26,3,3,25,25,25,25,25,25,25,25,25,25,3,1,12,12,12,12,12,12,12,12,12,12,1
0,0,0,0,0,0,0,0,0,0,0,0,0,0,0,0,0,0,0,0,0,0,0,0,6,51,51,51,51,51,51,51,51,51,51,6,0,0,0,0,0,0,5,1,0,0,0,0,0,0,0,0,0,0,64,21,0,0,0,0,0,0,0,0,11,51,67,15,0,48,51,6,6,51,51,51,51,51,51,51,51,53,0,0,0,0,0,0,0,0,0,0,0,0,0,0,8,67,67,67,67,67,67,67,67,67,67,8,8,68,68,68,68,68,68,68,68,68,68,8,6,51,51,51,51,51,51,51,51,51,51,6,0,0,0,0,0,0,0,0,0,0,0,0
0,0,0,0,0,0,0,0,0,0,0,0,2,17,17,17,17,17,17,17,17,17,17,2,12,100,100,100,100,100,100,100,100,100,100,12,2,18,18,18,18,18,18,18,18,18,18,2,0,0,0,0,0,7,25,25,25,25,25,3,0,0,0,5,25,33,51,51,51,51,38,3,0,0,0,5,26,27,34,34,48,26,12,0,0,0,0,0,0,7,43,43,43,0,0,0,0,0,0,0,0,0,7,25,25,25,25,3,3,25,25,25,25,25,32,51,51,51,51,6,5,43,43,43,43,43,43,43,43,43,43,5,1,12,12,12,12,12,12,12,12,12,12,1
68,68,68,68,68,68,68,68,68,68,68,68,0,0,0,0,0,0,0,0,0,0,0,0,0,0,0,0,0,0,0,0,0,0,0,0,4,0,0,0,0,0,0,0,0,0,0,0,51,19,0,0,0,0,0,0,0,0,0,0,0,32,51,51,51,51,51,51,51,51,51,51,0,0,32,51,51,57,51,11,0,0,0,0,0,0,0,0,0,0,0,0,0,0,0,0,67,67,67,67,67,67,67,67,67,67,67,67,68,68,68,68,68,68,68,68,68,68,68,68,0,0,0,0,0,0,0,0,0,0,0,0,0,0,0,0,0,0,0,0,0,0,0,0
0,0,0,0,0,0,0,0,0,0,0,0,8,67,67,67,67,67,67,67,67,67,67,8,8,68,68,68,68,68,68,68,68,68,68,8,6,51,51,51,51,62,15,0,0,0,0,0,0,0,0,7,51,69,28,0,0,0,0,0,0,0,0,0,0,22,60,51,51,51,51,6,0,0,0,0,0,0,0,0,0,0,0,0,0,0,0,0,0,0,0,0,0,0,0,0,0,0,0,0,0,0,0,0,0,0,0,0,0,0,0,0,0,0,0,0,0,0,0,0,8,67,67,67,67,67,67,67,67,67,67,8,1,12,12,12,12,12,12,12,12,12,12,1
0,0,0,0,0,0,12,12,12,12,12,1,0,0,0,0,0,3,60,60,60,60,60,7,0,0,0,0,0,2,2,0,0,0,0,0,0,0,0,0,0,0,0,0,0,0,0,0,0,0,0,0,0,1,2,0,0,0,0,0,0,0,0,0,0,5,6,0,0,0,0,0,0,0,0,0,0,4,53,51,51,51,51,6,0,0,0,0,0,0,0,0,0,0,0,0,0,0,0,0,0,0,15,54,51,51,2,0,0,0,0,0,0,3,75,75,75,75,75,9,0,0,0,0,0,3,60,60,60,60,60,7,0,0,0,0,0,0,0,0,0,0,0,0
0,0,0,0,0,0,0,0,0,0,0,0,6,51,51,51,51,51,51,51,51,51,51,6,0,0,0,0,0,0,0,0,0,0,0,0,6,51,51,12,0,0,25,8,0,0,0,0,0,0,0,0,0,0,54,19,0,0,0,0,0,0,0,0,11,51,64,14,0,0,0,0,6,51,51,51,51,51,51,51,24,0,0,0,0,0,0,0,0,0,0,0,0,0,0,0,8,67,67,67,67,67,67,67,67,67,67,8,8,68,68,68,68,68,68,68,68,68,68,8,6,51,51,51,51,51,51,51,51,51,51,6,0,0,0,0,0,0,0,0,0,0,0,0
0,0,0,0,0,0,0,0,0,0,0,0,0,0,0,0,0,0,0,0,0,0,0,0,0,0,0,0,0,0,0,0,0,0,0,0,2,17,17,17,17,17,17,17,17,17,17,2,12,100,100,100,100,100,100,100,100,100,100,12,5,43,43,43,43,43,43,43,43,43,43,5,6,33,51,51,45,29,27,26,26,26,26,3,6,33,51,51,45,52,15,0,50,0,0,0,3,26,26,26,26,52,15,0,87,25,25,3,0,0,25,25,25,28,26,25,49,51,51,6,0,0,26,26,26,26,26,26,26,26,26,3,0,0,0,0,0,0,0,0,0,0,0,0
0,0,0,0,0,0,0,0,0,0,0,0,0,0,0,0,0,0,0,0,0,0,0,0,6,51,51,51,51,51,51,51,51,51,60,8,0,0,0,0,0,0,0,36,51,51,5,0,0,0,0,0,0,0,0,0,0,0,40,6,0,0,0,0,0,0,0,0,0,0,0,0,6,51,51,51,51,51,51,51,51,51,51,6,0,0,0,0,0,0,0,0,0,0,0,0,8,67,67,67,67,67,67,67,67,67,67,8,8,68,68,68,68,68,68,68,68,68,68,8,6,51,51,51,51,51,51,51,51,51,51,6,0,0,0,0,0,0,0,0,0,0,0,0
0,0,0,0,0,0,0,0,0,0,0,0,0,0,0,0,0,0,0,0,0,0,0,0,6,51,51,51,51,51,51,51,51,51,51,6,0,0,0,0,0,0,0,0,0,0,0,0,0,0,0,0,0,0,0,0,0,0,0,0,0,0,0,0,0,0,0,0,0,0,0,0,6,51,51,51,51,51,51,51,51,51,51,6,0,0,0,0,0,0,0,0,0,0,0,0,8,67,67,67,67,67,67,67,67,67,67,8,8,68,68,68,68,68,68,68,68,68,68,8,0,0,0,0,0,0,11,51,51,51,51,6,0,0,0,0,0,0,0,0,0,0,0,0
0,0,0,0,0,0,0,0,0,0,0,0,3,25,25,25,25,25,25,25,25,25,25,3,3,26,26,26,26,26,26,26,26,26,26,3,2,17,17,17,17,17,17,17,17,17,17,2,12,100,100,100,100,100,100,100,100,100,100,12,5,43,43,43,43,43,43,43,43,43,43,5,3,26,26,26,26,26,49,51,30,51,51,6,3,25,17,0,0,0,24,86,7,26,26,3,3,26,18,0,0,0,0,49,11,40,0,0,0,0,0,0,0,0,3,25,37,68,0,0,3,25,25,25,25,25,28,51,51,42,25,3,1,12,12,12,12,12,12,12,12,12,12,1
0,0,0,0,0,0,8,12,12,3,0,0,0,0,0,0,0,0,21,51,51,33,25,3,0,0,0,0,0,0,4,26,26,26,26,3,2,17,17,17,17,17,17,17,17,17,17,2,12,100,100,100,100,100,100,100,100,100,100,12,5,43,43,43,43,43,43,43,43,43,43,5,3,26,26,26,26,26,26,26,26,26,26,3,0,0,0,0,0,0,0,0,0,0,0,0,3,25,25,25,25,25,25,25,25,25,25,3,3,26,26,26,26,26,26,26,26,26,26,3,3,25,25,25,25,25,25,25,25,25,25,3,1,12,12,12,12,12,12,12,12,12,12,1
0,0,0,0,0,0,0,0,0,0,0,0,8,67,67,67,67,67,67,67,67,67,67,8,8,68,68,68,68,68,68,68,68,68,68,8,6,51,51,51,51,62,0,0,0,0,0,0,0,0,0,0,0,51,0,0,0,0,0,0,0,0,0,0,0,5,12,17,0,0,0,0,6,51,51,51,51,51,61,30,0,0,0,0,0,0,0,0,0,0,13,17,0,0,0,0,0,0,0,0,0,0,0,0,0,0,0,0,0,0,0,0,0,0,0,0,0,0,0,0,8,67,67,67,67,67,67,67,67,67,67,8,1,12,12,12,12,12,12,12,12,12,12,1
1,12,12,12,12,12,12,12,12,12,12,1,9,75,75,75,75,75,75,75,75,75,75,9,6,51,51,51,51,51,51,51,51,51,51,6,0,0,0,0,0,0,0,0,0,0,0,0,0,0,0,0,0,47,51,51,51,51,8,0,0,35,51,51,51,55,55,51,51,51,51,6,0,0,0,0,0,37,39,0,23,57,51,6,0,0,0,43,51,51,51,44,35,38,0,0,0,0,0,0,0,0,0,0,19,20,0,0,7,60,60,60,60,60,60,60,60,60,60,7,9,75,75,75,75,75,75,75,75,75,75,9,0,0,0,0,0,0,0,0,0,0,0,0
1,12,12,12,12,12,12,12,12,12,12,1,8,68,68,68,68,68,68,68,68,68,68,8,0,0,0,0,0,0,0,0,0,0,0,0,6,51,32,0,0,0,0,0,0,0,0,0,0,0,0,0,0,0,0,0,0,0,0,0,0,0,0,0,0,0,0,0,0,0,0,0,6,51,51,51,51,51,51,51,51,51,51,6,0,0,0,0,0,0,0,0,0,0,0,0,0,0,0,0,0,0,0,0,0,0,0,0,8,67,67,67,67,67,67,67,67,67,67,8,8,68,68,68,68,68,68,68,68,68,68,8,0,0,0,0,0,0,0,0,0,0,0,0
0,0,0,0,0,0,0,0,0,0,0,0,0,0,0,0,0,0,0,0,0,0,0,0,8,51,51,51,51,51,51,0,0,0,10,4,6,0,0,0,0,0,0,0,0,0,28,12,1,0,0,0,0,0,17,60,48,0,22,9,6,51,51,51,51,51,57,33,0,0,0,0,0,0,0,0,9,51,57,51,51,23,0,0,0,0,0,0,0,0,0,0,0,0,0,0,7,66,66,66,66,66,66,66,66,66,66,7,8,69,69,69,69,69,69,69,69,69,69,8,0,0,0,0,0,0,0,0,0,0,0,0,0,0,0,0,0,0,0,0,0,0,0,0
0,0,0,0,0,0,0,0,0,0,0,0,6,51,51,51,51,51,51,51,51,51,51,6,0,0,0,0,0,0,0,0,0,0,0,0,0,0,0,0,0,0,0,0,0,0,0,0,0,0,0,0,0,0,0,0,0,0,0,0,0,0,0,0,0,0,0,0,0,0,0,0,6,51,51,51,51,51,51,51,51,51,51,6,0,0,0,0,0,0,0,0,0,0,0,0,8,67,67,67,67,67,67,67,67,67,67,8,8,68,68,68,68,68,68,68,68,68,68,8,0,0,0,0,0,0,0,0,0,0,0,0,0,0,0,0,0,0,0,0,0,0,0,0
0,0,0,0,0,0,0,0,0,0,0,0,0,0,0,0,0,0,0,0,0,0,0,0,0,0,0,0,0,0,0,0,0,0,0,0,0,0,0,18,28,0,0,0,0,0,0,0,0,0,0,20,59,42,1,0,0,0,0,0,3,25,25,30,39,34,25,25,25,25,25,3,5,43,43,43,43,43,43,43,43,43,43,5,12,100,100,100,100,100,100,100,100,100,100,12,2,18,18,18,18,18,18,18,18,18,18,2,3,25,25,25,25,25,25,25,25,25,25,3,3,26,26,26,26,26,26,26,26,26,26,3,0,0,0,0,0,0,0,0,0,0,0,0
0,0,0,0,0,0,0,0,0,0,0,0,0,0,0,0,0,0,0,0,0,0,0,0,67,67,67,67,67,67,67,67,67,67,67,67,68,68,68,68,68,68,68,68,68,68,68,68,0,0,0,0,0,0,0,0,0,0,0,0,51,51,51,51,51,51,51,51,51,51,24,13,51,51,51,66,71,56,51,11,0,0,0,28,0,0,0,0,0,0,0,0,0,0,0,21,51,51,51,51,51,51,51,51,51,51,51,51,51,51,51,51,51,51,51,51,51,51,51,6,0,0,0,0,0,0,0,0,0,0,0,0,67,67,67,67,67,67,67,67,67,67,67,67
0,0,0,0,0,0,0,0,0,0,0,0,0,0,0,0,0,0,0,0,0,0,0,0,7,66,66,66,66,66,66,66,66,66,66,7,8,69,69,69,69,69,69,69,69,69,69,8,0,0,0,0,0,0,0,0,0,0,0,0,0,0,0,47,51,51,51,51,51,51,51,6,6,51,51,54,10,51,65,17,9,51,63,0,0,0,0,0,0,4,62,29,41,0,73,0,0,0,0,0,0,51,6,17,92,0,35,0,0,0,0,0,0,51,0,7,44,0,0,0,0,0,27,51,51,64,51,51,51,51,51,6,0,0,0,0,0,0,0,0,0,0,0,0
0,0,0,0,0,0,0,0,0,0,0,0,0,0,0,0,0,0,30,50,50,50,50,6,6,51,51,51,51,51,51,51,51,51,51,6,0,0,0,0,0,0,0,0,0,0,3,6,6,52,52,52,52,52,46,14,52,52,52,6,6,51,51,51,51,51,51,51,51,51,51,6,6,50,50,50,50,50,50,50,50,50,50,6,6,51,51,51,51,51,51,51,51,51,51,6,6,58,58,58,58,58,58,58,58,58,58,6,9,76,76,76,76,76,76,76,76,76,76,9,6,51,51,51,51,51,51,51,51,51,51,6,0,0,0,0,0,0,0,0,0,0,0,0
1,12,12,12,12,12,12,12,12,12,12,1,2,18,18,18,18,18,18,18,18,18,18,2,0,0,0,0,0,0,0,0,0,0,0,0,0,0,0,0,0,0,0,0,0,0,0,0,0,0,0,0,0,0,0,0,0,0,0,0,0,0,0,0,0,0,15,25,25,25,25,3,3,25,25,25,25,25,63,26,26,26,26,3,3,26,26,26,26,26,23,0,0,0,0,0,2,17,17,17,17,17,17,17,17,17,17,2,12,100,100,100,100,100,100,100,100,100,100,12,2,18,18,18,18,18,18,18,18,18,18,2,0,0,0,0,0,0,0,0,0,0,0,0
0,0,0,0,0,0,0,0,0,0,0,0,0,0,0,0,0,0,0,0,0,0,0,0,0,0,0,0,0,0,0,0,0,0,0,0,0,0,0,0,0,0,0,0,0,0,0,0,0,0,0,0,0,0,0,0,0,0,0,0,0,0,0,0,0,0,0,0,0,0,0,0,0,0,0,0,0,0,0,0,0,0,0,0,0,0,0,0,0,0,0,0,0,0,0,0,0,0,0,0,0,0,0,0,0,0,0,0,0,0,0,0,0,0,0,0,0,0,0,0,0,0,0,0,0,0,0,0,0,0,0,0,0,0,0,0,0,0,0,0,0,0,0,0
0,0,0,0,0,0,0,0,0,0,0,0,0,0,0,0,0,0,0,0,0,0,0,0,0,0,0,0,0,0,0,0,0,0,0,0,0,0,0,0,0,0,0,0,0,0,0,0,0,0,0,0,0,0,0,0,0,0,0,0,0,0,0,0,0,0,0,0,0,0,0,0,0,0,0,0,0,0,0,0,0,0,0,0,0,0,0,0,0,0,0,0,0,0,0,0,0,0,0,0,0,0,0,0,0,0,0,0,0,0,0,0,0,0,0,0,0,0,0,0,0,0,0,0,0,0,0,0,0,0,0,0,0,0,0,0,0,0,0,0,0,0,0,0
0,0,0,0,0,0,0,0,0,0,0,0,0,0,0,0,0,0,0,0,0,0,0,0,0,0,0,0,0,0,0,0,0,0,0,0,0,0,0,0,0,0,0,0,0,0,0,0,0,0,0,0,0,0,0,0,0,0,0,0,0,0,0,0,0,0,0,0,0,0,0,0,0,0,0,0,0,0,0,0,0,0,0,0,0,0,0,0,0,0,0,0,0,0,0,0,0,0,0,0,0,0,0,0,0,0,0,0,0,0,0,0,0,0,0,0,0,0,0,0,0,0,0,0,0,0,0,0,0,0,0,0,0,0,0,0,0,0,0,0,0,0,0,0
0,0,0,0,0,0,0,0,0,0,0,0,0,0,0,0,0,0,0,0,0,0,0,0,0,0,0,0,0,0,0,0,0,0,0,0,0,0,0,0,0,0,0,0,0,0,0,0,0,0,0,0,0,0,0,0,0,0,0,0,0,0,0,0,0,0,0,0,0,0,0,0,0,0,0,0,0,0,0,0,0,0,0,0,0,0,0,0,0,0,0,0,0,0,0,0,0,0,0,0,0,0,0,0,0,0,0,0,0,0,0,0,0,0,0,0,0,0,0,0,0,0,0,0,0,0,0,0,0,0,0,0,0,0,0,0,0,0,0,0,0,0,0,0
0,0,0,0,0,0,0,0,0,0,0,0,0,0,0,0,0,0,0,0,0,0,0,0,0,0,0,0,0,0,0,0,0,0,0,0,0,0,0,0,0,0,0,0,0,0,0,0,0,0,0,0,0,0,0,0,0,0,0,0,0,0,0,0,0,0,0,0,0,0,0,0,0,0,0,0,0,0,0,0,0,0,0,0,0,0,0,0,0,0,0,0,0,0,0,0,0,0,0,0,0,0,0,0,0,0,0,0,0,0,0,0,0,0,0,0,0,0,0,0,0,0,0,0,0,0,0,0,0,0,0,0,0,0,0,0,0,0,0,0,0,0,0,0
0,0,0,0,0,0,0,0,0,0,0,0,0,0,0,0,0,0,0,0,0,0,0,0,0,0,0,0,0,0,0,0,0,0,0,0,0,0,0,0,0,0,0,0,0,0,0,0,0,0,0,0,0,0,0,0,0,0,0,0,0,0,0,0,0,0,0,0,0,0,0,0,0,0,0,0,0,0,0,0,0,0,0,0,0,0,0,0,0,0,0,0,0,0,0,0,0,0,0,0,0,0,0,0,0,0,0,0,0,0,0,0,0,0,0,0,0,0,0,0,0,0,0,0,0,0,0,0,0,0,0,0,0,0,0,0,0,0,0,0,0,0,0,0
0,0,0,0,0,0,0,0,0,0,0,0,0,0,0,0,0,0,0,0,0,0,0,0,0,0,0,0,0,0,0,0,0,0,0,0,0,0,0,0,0,0,0,0,0,0,0,0,0,0,0,0,0,0,0,0,0,0,0,0,0,0,0,0,0,0,0,0,0,0,0,0,0,0,0,0,0,0,0,0,0,0,0,0,0,0,0,0,0,0,0,0,0,0,0,0,0,0,0,0,0,0,0,0,0,0,0,0,0,0,0,0,0,0,0,0,0,0,0,0,0,0,0,0,0,0,0,0,0,0,0,0,0,0,0,0,0,0,0,0,0,0,0,0
0,0,0,0,0,0,0,0,0,0,0,0,0,0,0,0,0,0,0,0,0,0,0,0,0,0,0,0,0,0,0,0,0,0,0,0,0,0,0,0,0,0,0,0,0,0,0,0,0,0,0,0,0,0,0,0,0,0,0,0,0,0,0,0,0,0,0,0,0,0,0,0,0,0,0,0,0,0,0,0,0,0,0,0,0,0,0,0,0,0,0,0,0,0,0,0,0,0,0,0,0,0,0,0,0,0,0,0,0,0,0,0,0,0,0,0,0,0,0,0,0,0,0,0,0,0,0,0,0,0,0,0,0,0,0,0,0,0,0,0,0,0,0,0
0,0,0,0,0,0,0,0,0,0,0,0,0,0,0,0,0,0,0,0,0,0,0,0,0,0,0,0,0,0,0,0,0,0,0,0,0,0,0,0,0,0,0,0,0,0,0,0,0,0,0,0,0,0,0,0,0,0,0,0,0,0,0,0,0,0,0,0,0,0,0,0,0,0,0,0,0,0,0,0,0,0,0,0,0,0,0,0,0,0,0,0,0,0,0,0,0,0,0,0,0,0,0,0,0,0,0,0,0,0,0,0,0,0,0,0,0,0,0,0,0,0,0,0,0,0,0,0,0,0,0,0,0,0,0,0,0,0,0,0,0,0,0,0
0,0,0,0,0,0,0,0,0,0,0,0,0,0,0,0,0,0,0,0,0,0,0,0,0,0,0,0,0,0,0,0,0,0,0,0,0,0,0,0,0,0,0,0,0,0,0,0,0,0,0,0,0,0,0,0,0,0,0,0,0,0,0,0,0,0,0,0,0,0,0,0,0,0,0,0,0,0,0,0,0,0,0,0,0,0,0,0,0,0,0,0,0,0,0,0,0,0,0,0,0,0,0,0,0,0,0,0,0,0,0,0,0,0,0,0,0,0,0,0,0,0,0,0,0,0,0,0,0,0,0,0,0,0,0,0,0,0,0,0,0,0,0,0
0,0,0,0,0,0,0,0,0,0,0,0,0,0,0,0,0,0,0,0,0,0,0,0,0,0,0,0,0,0,0,0,0,0,0,0,0,0,0,0,0,0,0,0,0,0,0,0,0,0,0,0,0,0,0,0,0,0,0,0,0,0,0,0,0,0,0,0,0,0,0,0,0,0,0,0,0,0,0,0,0,0,0,0,0,0,0,0,0,0,0,0,0,0,0,0,0,0,0,0,0,0,0,0,0,0,0,0,0,0,0,0,0,0,0,0,0,0,0,0,0,0,0,0,0,0,0,0,0,0,0,0,0,0,0,0,0,0,0,0,0,0,0,0
0,0,0,0,0,0,0,0,0,0,0,0,0,0,0,0,0,0,0,0,0,0,0,0,0,0,0,0,0,0,0,0,0,0,0,0,0,0,0,0,0,0,0,0,0,0,0,0,0,0,0,0,0,0,0,0,0,0,0,0,0,0,0,0,0,0,0,0,0,0,0,0,0,0,0,0,0,0,0,0,0,0,0,0,0,0,0,0,0,0,0,0,0,0,0,0,0,0,0,0,0,0,0,0,0,0,0,0,0,0,0,0,0,0,0,0,0,0,0,0,0,0,0,0,0,0,0,0,0,0,0,0,0,0,0,0,0,0,0,0,0,0,0,0
0,0,0,0,0,0,0,0,0,0,0,0,0,0,0,0,0,0,0,0,0,0,0,0,0,0,0,0,0,0,0,0,0,0,0,0,0,0,0,0,0,0,0,0,0,0,0,0,0,0,0,0,0,0,0,0,0,0,0,0,0,0,0,0,0,0,0,0,0,0,0,0,0,0,0,0,0,0,0,0,0,0,0,0,0,0,0,0,0,0,0,0,0,0,0,0,0,0,0,0,0,0,0,0,0,0,0,0,0,0,0,0,0,0,0,0,0,0,0,0,0,0,0,0,0,0,0,0,0,0,0,0,0,0,0,0,0,0,0,0,0,0,0,0
0,0,0,0,0,0,0,0,0,0,0,0,0,0,0,0,0,0,0,0,0,0,0,0,0,0,0,0,0,0,0,0,0,0,0,0,0,0,0,0,0,0,0,0,0,0,0,0,0,0,0,0,0,0,0,0,0,0,0,0,0,0,0,0,0,0,0,0,0,0,0,0,0,0,0,0,0,0,0,0,0,0,0,0,0,0,0,0,0,0,0,0,0,0,0,0,0,0,0,0,0,0,0,0,0,0,0,0,0,0,0,0,0,0,0,0,0,0,0,0,0,0,0,0,0,0,0,0,0,0,0,0,0,0,0,0,0,0,0,0,0,0,0,0
0,0,0,0,0,0,0,0,0,0,0,0,0,0,0,0,0,0,0,0,0,0,0,0,0,0,0,0,0,0,0,0,0,0,0,0,0,0,0,0,0,0,0,0,0,0,0,0,0,0,0,0,0,0,0,0,0,0,0,0,0,0,0,0,0,0,0,0,0,0,0,0,0,0,0,0,0,0,0,0,0,0,0,0,0,0,0,0,0,0,0,0,0,0,0,0,0,0,0,0,0,0,0,0,0,0,0,0,0,0,0,0,0,0,0,0,0,0,0,0,0,0,0,0,0,0,0,0,0,0,0,0,0,0,0,0,0,0,0,0,0,0,0,0
0,0,0,0,0,0,0,0,0,0,0,0,0,0,0,0,0,0,0,0,0,0,0,0,0,0,0,0,0,0,0,0,0,0,0,0,0,0,0,0,0,0,0,0,0,0,0,0,0,0,0,0,0,0,0,0,0,0,0,0,0,0,0,0,0,0,0,0,0,0,0,0,0,0,0,0,0,0,0,0,0,0,0,0,0,0,0,0,0,0,0,0,0,0,0,0,0,0,0,0,0,0,0,0,0,0,0,0,0,0,0,0,0,0,0,0,0,0,0,0,0,0,0,0,0,0,0,0,0,0,0,0,0,0,0,0,0,0,0,0,0,0,0,0
0,0,0,0,0,0,0,0,0,0,0,0,0,0,0,0,0,0,0,0,0,0,0,0,0,0,0,0,0,0,0,0,0,0,0,0,0,0,0,0,0,0,0,0,0,0,0,0,0,0,0,0,0,0,0,0,0,0,0,0,0,0,0,0,0,0,0,0,0,0,0,0,0,0,0,0,0,0,0,0,0,0,0,0,0,0,0,0,0,0,0,0,0,0,0,0,0,0,0,0,0,0,0,0,0,0,0,0,0,0,0,0,0,0,0,0,0,0,0,0,0,0,0,0,0,0,0,0,0,0,0,0,0,0,0,0,0,0,0,0,0,0,0,0
0,0,0,0,0,0,0,0,0,0,0,0,0,0,0,0,0,0,0,0,0,0,0,0,0,0,0,0,0,0,0,0,0,0,0,0,0,0,0,0,0,0,0,0,0,0,0,0,0,0,0,0,0,0,0,0,0,0,0,0,0,0,0,0,0,0,0,0,0,0,0,0,0,0,0,0,0,0,0,0,0,0,0,0,0,0,0,0,0,0,0,0,0,0,0,0,0,0,0,0,0,0,0,0,0,0,0,0,0,0,0,0,0,0,0,0,0,0,0,0,0,0,0,0,0,0,0,0,0,0,0,0,0,0,0,0,0,0,0,0,0,0,0,0
0,0,0,0,0,0,0,0,0,0,0,0,0,0,0,0,0,0,0,0,0,0,0,0,0,0,0,0,0,0,0,0,0,0,0,0,0,0,0,0,0,0,0,0,0,0,0,0,0,0,0,0,0,0,0,0,0,0,0,0,0,0,0,0,0,0,0,0,0,0,0,0,0,0,0,0,0,0,0,0,0,0,0,0,0,0,0,0,0,0,0,0,0,0,0,0,0,0,0,0,0,0,0,0,0,0,0,0,0,0,0,0,0,0,0,0,0,0,0,0,0,0,0,0,0,0,0,0,0,0,0,0,0,0,0,0,0,0,0,0,0,0,0,0
0,0,0,0,0,0,0,0,0,0,0,0,0,0,0,0,0,0,0,0,0,0,0,0,0,0,0,0,0,0,0,0,0,0,0,0,0,0,0,0,0,0,0,0,0,0,0,0,0,0,0,0,0,0,0,0,0,0,0,0,0,0,0,0,0,0,0,0,0,0,0,0,0,0,0,0,0,0,0,0,0,0,0,0,0,0,0,0,0,0,0,0,0,0,0,0,0,0,0,0,0,0,0,0,0,0,0,0,0,0,0,0,0,0,0,0,0,0,0,0,0,0,0,0,0,0,0,0,0,0,0,0,0,0,0,0,0,0,0,0,0,0,0,0
0,0,0,0,0,0,0,0,0,0,0,0,0,0,0,0,0,0,0,0,0,0,0,0,0,0,0,0,0,0,0,0,0,0,0,0,0,0,0,0,0,0,0,0,0,0,0,0,0,0,0,0,0,0,0,0,0,0,0,0,0,0,0,0,0,0,0,0,0,0,0,0,0,0,0,0,0,0,0,0,0,0,0,0,0,0,0,0,0,0,0,0,0,0,0,0,0,0,0,0,0,0,0,0,0,0,0,0,0,0,0,0,0,0,0,0,0,0,0,0,0,0,0,0,0,0,0,0,0,0,0,0,0,0,0,0,0,0,0,0,0,0,0,0
0,0,0,0,0,0,12,12,12,12,12,1,0,0,0,0,0,2,53,53,53,53,53,6,0,0,0,0,0,2,51,51,51,51,51,6,0,0,0,0,0,2,51,51,51,51,51,6,0,0,0,0,0,0,0,0,0,0,0,0,0,0,0,0,0,4,53,51,51,51,3,0,0,0,0,0,0,5,6,0,0,0,0,0,0,0,0,0,0,3,3,0,0,0,0,0,0,0,0,0,0,0,0,0,0,0,0,0,0,0,0,0,0,4,82,82,82,82,82,9,0,0,0,0,0,2,53,53,53,53,53,6,0,0,0,0,0,0,2,2,2,2,2,0
0,0,0,0,0,0,0,0,0,0,0,0,0,0,0,0,0,0,0,0,0,14,62,6,6,51,65,13,0,0,0,20,48,0,51,0,0,0,36,15,0,0,16,26,51,12,51,0,0,0,10,4,0,0,73,22,5,51,51,0,0,0,0,0,12,51,69,15,2,63,14,0,6,51,51,51,51,51,51,51,51,67,51,6,0,0,0,0,0,0,0,0,0,0,0,0,7,66,66,66,66,66,66,66,66,66,66,7,8,69,69,69,69,69,69,69,69,69,69,8,0,0,0,0,0,0,0,0,0,0,0,0,0,0,0,0,0,0,0,0,0,0,0,0
1,12,12,12,12,12,12,12,12,12,12,1,8,68,68,68,68,68,68,68,68,68,68,8,0,0,0,0,0,0,0,0,0,0,0,0,0,0,0,0,0,0,0,0,0,0,0,0,0,0,0,0,0,0,0,0,0,0,0,0,6,51,51,51,51,51,51,51,51,51,51,6,0,0,0,0,0,0,0,0,0,0,0,0,0,0,0,0,0,0,0,0,0,0,0,0,0,0,0,0,0,0,0,0,0,0,0,0,8,67,67,67,67,67,67,67,67,67,67,8,8,68,68,68,68,68,68,68,68,68,68,8,0,0,0,0,0,0,0,0,0,0,0,0
1,12,12,12,12,12,12,12,12,12,12,1,8,68,68,68,68,68,68,68,68,68,68,8,0,0,0,0,0,0,0,0,0,0,0,0,0,0,0,0,0,0,0,0,0,0,0,0,0,0,0,0,0,0,0,0,0,0,0,0,6,51,51,51,51,51,51,51,51,51,51,6,0,0,0,0,0,0,0,0,0,0,0,0,0,0,0,0,0,0,0,0,0,0,0,0,0,0,0,0,0,0,0,0,0,0,0,0,8,67,67,67,67,67,67,67,67,67,67,8,8,68,68,68,68,68,68,68,68,68,68,8,0,0,0,0,0,0,0,0,0,0,0,0
